Date,Close,Close_1y,max price 1year Predicted
2010-08-30,17.59,42.68,29.802814
2010-08-31,17.93,42.68,30.321255
2010-09-01,19.27,42.68,33.862827
2010-09-02,19.71,42.68,33.119698
2010-09-03,19.78,42.68,33.081234
2010-09-07,20.26,42.68,33.501823
2010-09-08,20.86,42.68,34.607323
2010-09-09,20.81,42.68,33.959084
2010-09-10,20.88,42.68,33.879204
2010-09-13,21.13,42.68,34.276947
2010-09-14,20.95,42.68,34.00038
2010-09-15,20.45,42.68,33.443962
2010-09-16,20.07,42.68,33.04957
2010-09-17,20.07,42.68,32.95559
2010-09-20,20.41,42.68,33.957367
2010-09-21,21.03,42.68,34.41368
2010-09-22,22.42,42.68,38.086
2010-09-23,22.92,42.68,39.62832
2010-09-24,23.17,42.68,39.25473
2010-09-27,23.57,42.68,38.092117
2010-09-28,23.12,42.68,37.34053
2010-09-29,24.38,42.68,39.857582
2010-09-30,23.17,42.68,39.595657
2010-10-01,22.09,42.68,37.418495
2010-10-04,22.34,42.68,36.969967
2010-10-05,22.31,42.68,36.51631
2010-10-06,21.47,42.68,35.885193
2010-10-07,21.63,42.68,35.006027
2010-10-08,21.38,42.68,34.6176
2010-10-11,21.96,42.68,35.414345
2010-10-12,22.2,42.68,35.657417
2010-10-13,22.09,42.68,35.4766
2010-10-14,21.83,42.68,35.13467
2010-10-15,22.25,42.68,35.695522
2010-10-18,21.86,42.68,35.13765
2010-10-19,21.33,42.68,34.577393
2010-10-20,21.88,42.68,37.49254
2010-10-21,24.67,42.68,42.984306
2010-10-22,24.01,42.68,39.099648
2010-10-25,23.83,42.68,37.7274
2010-10-26,25.37,42.68,42.24501
2010-10-27,25.5,42.68,41.968468
2010-10-28,25.1,42.68,39.271164
2010-10-29,24.8,42.68,39.491768
2010-11-01,23.91,42.68,38.020786
2010-11-02,24.52,42.68,38.95117
2010-11-03,24.49,42.68,38.557472
2010-11-04,23.97,42.68,38.52524
2010-11-05,24.01,42.68,37.856888
2010-11-08,24.16,42.68,38.19165
2010-11-09,24.35,42.68,38.89418
2010-11-10,25.27,42.68,39.823444
2010-11-11,25.02,42.68,39.243027
2010-11-12,24.71,42.68,38.863327
2010-11-15,24.04,42.68,38.118805
2010-11-16,23.63,42.68,37.520283
2010-11-17,23.81,42.68,37.600113
2010-11-18,24.05,42.68,37.936386
2010-11-19,24.72,42.68,38.726776
2010-11-22,26.9,42.68,44.071083
2010-11-23,26.82,42.68,42.312767
2010-11-24,26.97,42.68,41.699768
2010-11-26,27.41,42.68,42.13616
2010-11-29,28.42,42.68,41.00309
2010-11-30,29.41,42.68,44.210182
2010-12-01,28.59,42.68,42.48462
2010-12-02,27.63,42.68,40.537666
2010-12-03,26.49,42.68,39.18841
2010-12-06,27.64,42.68,39.85202
2010-12-07,27.12,42.68,39.243904
2010-12-08,26.89,42.68,40.15248
2010-12-09,27.29,42.68,39.352753
2010-12-10,27.8,42.68,40.051666
2010-12-13,26.26,42.68,38.129204
2010-12-14,25.49,42.68,37.955757
2010-12-15,25.5,42.68,36.813637
2010-12-16,25.95,42.68,37.006332
2010-12-17,25.72,42.68,40.043636
2010-12-20,25.44,42.68,36.308487
2010-12-21,26.61,42.68,38.022354
2010-12-22,26.48,42.68,37.70588
2010-12-23,26.37,42.68,37.646793
2010-12-27,25.72,42.68,36.61742
2010-12-28,26.24,42.68,37.34237
2010-12-29,25.75,42.68,36.854393
2010-12-30,25.69,42.68,37.057457
2010-12-31,25.1,42.68,35.65062
2011-01-03,25.49,42.68,36.446205
2011-01-04,25.91,42.68,37.23104
2011-01-05,25.68,42.68,36.537888
2011-01-06,25.43,42.68,36.202217
2011-01-07,25.61,42.68,36.36984
2011-01-10,26.84,42.68,38.449654
2011-01-11,26.66,42.68,37.9182
2011-01-12,26.99,42.68,38.471413
2011-01-13,27.36,42.68,38.894913
2011-01-14,27.35,42.68,39.099625
2011-01-18,27.67,42.68,39.62007
2011-01-19,27.27,42.68,38.84673
2011-01-20,26.43,42.68,37.646053
2011-01-21,26.01,42.68,36.910927
2011-01-24,26.28,42.68,37.31806
2011-01-25,26.68,42.68,37.985867
2011-01-26,26.15,42.68,38.542133
2011-01-27,30.12,42.68,46.081818
2011-01-28,31.14,42.68,45.111984
2011-01-31,30.58,42.68,43.43315
2011-02-01,30.41,42.68,43.031525
2011-02-02,30.18,42.68,42.806713
2011-02-03,30.21,42.68,42.81295
2011-02-04,31.44,42.68,44.586853
2011-02-07,31.15,42.68,43.856915
2011-02-08,31.09,42.68,43.941814
2011-02-09,31.76,42.68,44.645493
2011-02-10,31.89,42.68,44.814598
2011-02-11,33.01,42.68,46.596684
2011-02-14,35.36,42.68,51.160942
2011-02-15,34.4,42.68,48.373688
2011-02-16,33.96,42.68,47.78476
2011-02-17,33.66,42.68,47.333008
2011-02-18,33.64,42.68,46.940254
2011-02-22,31.66,42.68,45.32969
2011-02-23,30.17,42.68,44.212803
2011-02-24,30.74,42.68,43.502697
2011-02-25,30.35,42.68,42.96931
2011-02-28,29.52,42.68,42.060806
2011-03-01,29.23,42.68,44.950043
2011-03-02,29.18,42.68,44.617004
2011-03-03,29.05,42.68,44.549904
2011-03-04,30.1,42.68,46.10208
2011-03-07,29.63,42.68,45.307487
2011-03-08,27.92,42.68,45.872353
2011-03-09,27.57,42.68,43.74817
2011-03-10,28.57,42.68,46.734264
2011-03-11,29.22,42.68,44.778435
2011-03-14,28.74,42.68,43.97347
2011-03-15,31.02,42.68,49.959843
2011-03-16,30.55,42.68,47.890045
2011-03-17,30.56,42.68,46.080925
2011-03-18,29.91,42.68,45.690235
2011-03-21,30.41,42.68,46.052216
2011-03-22,31.63,42.68,47.888535
2011-03-23,32.72,42.68,50.070927
2011-03-24,32.73,42.68,49.102703
2011-03-25,32.86,42.68,48.87966
2011-03-28,33.9,42.68,50.71363
2011-03-29,33.91,42.68,50.07122
2011-03-30,33.99,42.68,50.17469
2011-03-31,33.97,42.68,50.10344
2011-04-01,34.58,42.68,51.228874
2011-04-04,34.96,42.68,51.32818
2011-04-05,34.89,42.68,51.26252
2011-04-06,34.28,42.68,50.905014
2011-04-07,33.42,42.68,49.912987
2011-04-08,33.55,42.68,50.02809
2011-04-11,32.59,42.68,48.642708
2011-04-12,33.42,42.68,49.896996
2011-04-13,34.11,42.68,50.493504
2011-04-14,33.82,42.68,50.30281
2011-04-15,33.64,42.68,49.69471
2011-04-18,33.33,42.68,49.303017
2011-04-19,34.51,42.68,51.127598
2011-04-20,34.92,42.68,51.42868
2011-04-21,36.03,42.68,52.959236
2011-04-25,35.95,42.68,54.787914
2011-04-26,32.7,42.68,53.54883
2011-04-27,33.71,42.68,51.05663
2011-04-28,33.48,42.68,49.715748
2011-04-29,33.24,42.68,49.1972
2011-05-02,33.88,42.68,50.361572
2011-05-03,33.03,42.68,49.208557
2011-05-04,32.74,42.68,48.903397
2011-05-05,32.9,42.68,48.89352
2011-05-06,32.78,42.68,48.591507
2011-05-09,33.77,42.68,50.025024
2011-05-10,33.95,42.68,50.17063
2011-05-11,34.38,42.68,50.91734
2011-05-12,35.11,42.68,51.855766
2011-05-13,35.22,42.68,51.987087
2011-05-16,33.87,42.68,50.291283
2011-05-17,33.85,42.68,50.146904
2011-05-18,34.65,42.68,51.1736
2011-05-19,34.68,42.68,50.97769
2011-05-20,35.13,42.68,51.72975
2011-05-23,35.4,42.68,52.20562
2011-05-24,35.37,42.68,52.0583
2011-05-25,37.07,42.68,54.707977
2011-05-26,37.68,42.68,54.95421
2011-05-27,37.79,42.68,55.059753
2011-05-31,38.69,42.68,53.943207
2011-06-01,38.18,42.68,53.1858
2011-06-02,38.81,42.68,54.30195
2011-06-03,39.1,42.68,54.44198
2011-06-06,37.51,42.68,52.35028
2011-06-07,37.67,42.68,52.367447
2011-06-08,37.47,42.68,52.515903
2011-06-09,37.51,42.68,52.932632
2011-06-10,36.95,42.68,51.581413
2011-06-13,36.75,42.68,51.689423
2011-06-14,37.3,42.68,52.64302
2011-06-15,36.73,42.68,51.715813
2011-06-16,35.61,42.68,49.488274
2011-06-17,35.1,42.68,48.85596
2011-06-20,35.09,42.68,49.349735
2011-06-21,36.24,42.68,51.000603
2011-06-22,35.52,42.68,49.881596
2011-06-23,36.53,42.68,50.76316
2011-06-24,36.71,42.68,51.00968
2011-06-27,37.16,42.68,52.32323
2011-06-28,37.87,42.68,53.632133
2011-06-29,37.85,42.68,53.56369
2011-06-30,37.53,42.68,53.14408
2011-07-01,38.28,42.68,53.67849
2011-07-05,41.38,42.68,58.315212
2011-07-06,41.57,42.68,57.60567
2011-07-07,41.77,42.68,57.99317
2011-07-08,42.16,42.68,58.479492
2011-07-11,41.53,42.68,57.37037
2011-07-12,41.61,42.68,57.47528
2011-07-13,42.68,41.04,58.950058
2011-07-14,40.95,41.04,56.80043
2011-07-15,40.99,41.04,57.214005
2011-07-18,39.86,41.04,55.78208
2011-07-19,41.04,40.22,57.42961
2011-07-20,40.2,40.22,56.456856
2011-07-21,39.4,40.22,55.460308
2011-07-22,39.51,40.22,55.568073
2011-07-25,40.22,38.49,56.41278
2011-07-26,38.13,38.49,55.14563
2011-07-27,38.49,38.09,53.54328
2011-07-28,38.09,38.0,53.388023
2011-07-29,38.0,37.63,53.5361
2011-08-01,37.63,37.14,52.858498
2011-08-02,36.74,37.14,51.664814
2011-08-03,37.14,35.18,52.189133
2011-08-04,35.11,35.18,48.680973
2011-08-05,34.44,35.18,47.78985
2011-08-08,32.38,35.18,44.84954
2011-08-09,33.97,35.18,47.102566
2011-08-10,33.2,35.18,46.312115
2011-08-11,34.73,35.18,48.68541
2011-08-12,34.86,35.18,49.085815
2011-08-15,35.18,34.15,49.28222
2011-08-16,34.15,33.75,47.974792
2011-08-17,33.18,33.75,46.06851
2011-08-18,31.07,33.75,42.940376
2011-08-19,29.32,33.75,40.491997
2011-08-22,29.32,33.75,40.49397
2011-08-23,31.36,33.75,43.27084
2011-08-24,30.86,33.75,42.57572
2011-08-25,30.83,33.75,42.484795
2011-08-26,31.7,33.75,43.813225
2011-08-29,32.15,33.75,40.47014
2011-08-30,33.75,33.57,42.501236
2011-08-31,33.57,33.32,42.146717
2011-09-01,33.32,31.25,41.668488
2011-09-02,30.44,31.25,41.245552
2011-09-06,31.25,30.86,39.95028
2011-09-07,30.86,30.17,39.655136
2011-09-08,30.17,30.01,38.906796
2011-09-09,29.14,30.01,38.18158
2011-09-12,30.01,29.82,38.9853
2011-09-13,29.82,29.82,38.26601
2011-09-14,29.82,28.06,38.03197
2011-09-15,24.18,28.06,37.21186
2011-09-16,22.17,28.06,34.080574
2011-09-19,20.54,28.06,33.05065
2011-09-20,18.58,28.06,32.177414
2011-09-21,18.36,28.06,31.787643
2011-09-22,18.36,28.06,29.963877
2011-09-23,18.48,28.06,28.408134
2011-09-26,18.89,28.06,29.221144
2011-09-27,18.21,28.06,28.229519
2011-09-28,18.16,28.06,27.610863
2011-09-29,16.17,28.06,28.670502
2011-09-30,16.18,28.06,25.852594
2011-10-03,16.18,28.06,24.911457
2011-10-04,16.41,28.06,25.230133
2011-10-05,17.11,28.06,26.213474
2011-10-06,17.61,28.06,26.389156
2011-10-07,16.74,28.06,25.319336
2011-10-10,15.95,28.06,29.15773
2011-10-11,15.52,28.06,28.26778
2011-10-12,16.23,28.06,25.53309
2011-10-13,16.72,28.06,25.942822
2011-10-14,16.58,28.06,25.417034
2011-10-17,16.76,28.06,25.32264
2011-10-18,15.96,28.06,24.421436
2011-10-19,15.63,28.06,24.172274
2011-10-20,15.93,28.06,24.064865
2011-10-21,16.72,28.06,25.353973
2011-10-24,16.98,28.06,28.745285
2011-10-25,11.05,28.06,24.852295
2011-10-26,11.34,28.06,24.316227
2011-10-27,11.55,28.06,20.147839
2011-10-28,12.02,28.06,20.033974
2011-10-31,11.73,28.06,19.8947
2011-11-01,11.44,28.06,19.8157
2011-11-02,11.91,28.06,20.029728
2011-11-03,13.18,28.06,23.778036
2011-11-04,12.86,31.0,22.569029
2011-11-07,12.98,31.0,21.037542
2011-11-08,12.92,31.0,21.276058
2011-11-09,12.58,31.0,20.870308
2011-11-10,12.16,31.0,20.339148
2011-11-11,12.54,31.0,20.78349
2011-11-14,12.25,31.0,20.653347
2011-11-15,12.33,31.0,20.747627
2011-11-16,11.6,31.0,19.935452
2011-11-17,10.92,31.0,18.887665
2011-11-18,11.15,31.0,19.480072
2011-11-21,10.64,31.0,18.65897
2011-11-22,10.06,31.0,21.007328
2011-11-23,9.79,31.1,17.86298
2011-11-25,9.12,32.77,17.497833
2011-11-28,9.99,33.42,18.158745
2011-11-29,9.65,34.77,20.351465
2011-11-30,9.22,34.77,22.553722
2011-12-01,9.6,34.77,20.336342
2011-12-02,9.48,34.77,20.296513
2011-12-05,10.02,34.77,20.816639
2011-12-06,9.73,34.77,20.458117
2011-12-07,10.28,34.77,20.887205
2011-12-08,9.92,34.77,20.528118
2011-12-09,10.13,34.77,20.665504
2011-12-12,10.75,34.77,22.933956
2011-12-13,10.3,34.77,21.221664
2011-12-14,10.15,34.77,20.656536
2011-12-15,9.96,34.77,20.368961
2011-12-16,9.97,34.77,20.579445
2011-12-19,9.59,34.77,20.065777
2011-12-20,10.2,34.77,20.659374
2011-12-21,10.14,34.77,20.429169
2011-12-22,10.55,34.77,20.70708
2011-12-23,10.37,34.77,20.469007
2011-12-27,10.09,34.77,20.267124
2011-12-28,9.89,34.77,20.21291
2011-12-29,9.9,34.77,20.332226
2011-12-30,9.9,34.77,20.151417
2012-01-03,10.32,34.77,20.503979
2012-01-04,11.49,34.77,23.790539
2012-01-05,11.33,34.77,22.653414
2012-01-06,12.33,34.77,26.592297
2012-01-09,14.03,34.77,30.834011
2012-01-10,13.69,34.77,29.474644
2012-01-11,13.16,34.77,24.613884
2012-01-12,13.16,34.77,23.390226
2012-01-13,13.48,34.77,25.063183
2012-01-17,13.53,34.77,23.609093
2012-01-18,14.08,34.77,24.534706
2012-01-19,14.78,34.77,25.713516
2012-01-20,14.32,34.77,24.08023
2012-01-23,13.42,34.77,23.633585
2012-01-24,13.24,35.34,22.64656
2012-01-25,13.58,35.34,24.433971
2012-01-26,16.57,35.34,33.344658
2012-01-27,17.68,36.75,31.032124
2012-01-30,17.92,36.85,31.485748
2012-01-31,17.17,37.21,28.854551
2012-02-01,17.57,38.27,27.032135
2012-02-02,17.71,38.27,26.798294
2012-02-03,18.06,38.27,27.323477
2012-02-06,18.46,38.27,30.023796
2012-02-07,18.27,38.27,29.787418
2012-02-08,17.71,38.27,27.128983
2012-02-09,17.83,38.27,26.898888
2012-02-10,17.7,38.27,26.475975
2012-02-13,16.9,38.27,26.397987
2012-02-14,17.58,38.27,27.045298
2012-02-15,17.44,38.27,26.38504
2012-02-16,17.42,38.27,26.4845
2012-02-17,17.41,38.27,25.747288
2012-02-21,16.77,38.27,27.973698
2012-02-22,16.06,38.27,28.500854
2012-02-23,16.14,38.27,25.165047
2012-02-24,15.95,38.27,24.628025
2012-02-27,15.63,38.27,24.918022
2012-02-28,16.19,38.27,25.320538
2012-02-29,15.82,38.27,29.937132
2012-03-01,16.11,38.27,30.082783
2012-03-02,16.44,38.27,30.785053
2012-03-05,15.83,38.27,28.961159
2012-03-06,15.3,38.27,28.926247
2012-03-07,15.03,39.04,33.149494
2012-03-08,15.44,39.04,30.523891
2012-03-09,15.59,39.04,29.703226
2012-03-12,15.17,39.77,29.080967
2012-03-13,15.19,40.39,28.666883
2012-03-14,15.04,40.39,29.149612
2012-03-15,15.74,40.48,30.248734
2012-03-16,15.71,41.12,29.80428
2012-03-19,16.33,41.12,30.280762
2012-03-20,16.43,41.29,29.754324
2012-03-21,17.16,41.78,32.161102
2012-03-22,16.96,42.16,31.43882
2012-03-23,17.17,42.16,31.012917
2012-03-26,17.43,42.16,30.622473
2012-03-27,17.24,44.72,29.887049
2012-03-28,16.97,44.72,29.551552
2012-03-29,16.44,44.72,29.866337
2012-03-30,16.43,44.72,29.618664
2012-04-02,16.28,44.72,29.27475
2012-04-03,16.14,44.72,31.123661
2012-04-04,15.75,44.72,28.31918
2012-04-05,15.79,44.72,28.502504
2012-04-09,15.24,44.83,27.992641
2012-04-10,14.56,44.83,28.608524
2012-04-11,14.26,44.83,30.159996
2012-04-12,14.89,44.83,28.75882
2012-04-13,14.88,44.83,28.10566
2012-04-16,14.45,44.83,27.650848
2012-04-17,15.29,44.83,28.785936
2012-04-18,15.28,46.37,28.103567
2012-04-19,15.3,47.25,28.25929
2012-04-20,15.16,47.25,27.677134
2012-04-23,14.55,47.25,33.461525
2012-04-24,12.53,47.25,35.91336
2012-04-25,12.34,47.25,30.751076
2012-04-26,12.15,47.25,28.497738
2012-04-27,11.96,47.25,26.468168
2012-04-30,11.45,47.25,27.667713
2012-05-01,11.62,47.25,25.858843
2012-05-02,11.75,47.25,25.381897
2012-05-03,10.85,47.25,27.164345
2012-05-04,10.45,47.25,27.22874
2012-05-07,10.49,47.64,24.357468
2012-05-08,10.4,50.71,24.102045
2012-05-09,10.62,50.71,24.186687
2012-05-10,10.35,50.71,23.95084
2012-05-11,11.05,50.71,27.793825
2012-05-14,10.99,50.71,25.81514
2012-05-15,11.07,50.71,25.207397
2012-05-16,10.6,50.71,25.326801
2012-05-17,10.28,50.71,23.634926
2012-05-18,9.99,50.71,23.898407
2012-05-21,10.25,50.71,23.693283
2012-05-22,9.67,50.71,24.67908
2012-05-23,10.27,50.71,25.740719
2012-05-24,10.04,50.71,23.18929
2012-05-25,10.03,50.71,24.362827
2012-05-29,9.92,50.71,24.098093
2012-05-30,9.62,50.71,25.614971
2012-05-31,9.06,50.71,28.198933
2012-06-01,8.99,50.71,25.54187
2012-06-04,9.29,50.71,25.759317
2012-06-05,9.26,50.71,23.904922
2012-06-06,9.41,50.71,25.066158
2012-06-07,9.23,50.71,23.363369
2012-06-08,9.38,50.71,23.650444
2012-06-11,9.0,50.71,23.502357
2012-06-12,9.0,50.71,23.138382
2012-06-13,8.98,50.71,22.677671
2012-06-14,8.95,50.74,23.996445
2012-06-15,9.4,51.78,25.442333
2012-06-18,9.53,52.26,23.938705
2012-06-19,9.98,52.26,25.046665
2012-06-20,9.74,52.26,24.700058
2012-06-21,9.41,52.26,22.97116
2012-06-22,9.69,52.26,23.24517
2012-06-25,9.58,52.26,25.215942
2012-06-26,9.54,52.26,22.850798
2012-06-27,9.5,52.26,22.804295
2012-06-28,9.62,52.26,22.877565
2012-06-29,9.78,53.33,23.623978
2012-07-02,9.69,53.33,22.787956
2012-07-03,10.29,53.33,24.893156
2012-07-05,11.67,53.55,40.232956
2012-07-06,11.7,53.75,36.836205
2012-07-09,11.86,53.82,29.241247
2012-07-10,11.46,53.82,27.62231
2012-07-11,11.66,54.37,29.059555
2012-07-12,12.14,54.37,29.192883
2012-07-13,12.13,54.37,28.80505
2012-07-16,11.85,54.37,25.341011
2012-07-17,11.68,54.37,26.314455
2012-07-18,11.61,54.37,25.277435
2012-07-19,11.87,54.37,26.706097
2012-07-20,11.69,54.37,25.751774
2012-07-23,11.42,54.37,26.75711
2012-07-24,11.48,54.37,32.465622
2012-07-25,8.61,54.37,43.371
2012-07-26,8.14,54.37,32.080826
2012-07-27,8.42,54.37,25.39846
2012-07-30,8.25,54.37,24.011372
2012-07-31,8.12,54.37,21.922415
2012-08-01,7.79,54.37,24.17223
2012-08-02,7.7,54.37,22.63675
2012-08-03,7.7,54.37,24.616938
2012-08-06,8.11,54.37,23.687847
2012-08-07,8.27,54.37,24.144592
2012-08-08,8.26,55.53,22.157764
2012-08-09,8.27,55.53,21.94114
2012-08-10,8.56,55.53,25.049677
2012-08-13,8.56,58.11,24.745832
2012-08-14,8.82,58.11,27.162083
2012-08-15,9.04,58.11,24.783016
2012-08-16,9.19,58.48,22.793528
2012-08-17,9.1,58.48,23.489199
2012-08-20,9.18,58.48,24.258694
2012-08-21,9.37,58.48,23.872326
2012-08-22,9.34,58.48,22.967712
2012-08-23,9.15,61.43,25.135738
2012-08-24,9.02,61.49,24.054235
2012-08-27,8.91,62.0,22.63921
2012-08-28,8.99,62.0,22.445309
2012-08-29,9.06,62.36,17.955822
2012-08-30,8.64,62.36,17.750334
2012-08-31,8.53,62.41,18.550594
2012-09-04,7.99,62.41,25.030148
2012-09-05,7.85,62.41,18.834473
2012-09-06,8.09,62.41,18.993383
2012-09-07,8.09,63.86,18.108608
2012-09-10,7.99,64.72,17.538227
2012-09-11,8.17,64.72,18.552803
2012-09-12,8.17,64.72,17.496971
2012-09-13,8.29,64.72,17.80648
2012-09-14,8.65,64.72,19.08359
2012-09-17,8.15,65.0,18.934647
2012-09-18,8.01,65.0,18.094135
2012-09-19,8.15,65.0,18.8093
2012-09-20,8.39,65.0,19.325676
2012-09-21,8.26,65.0,18.327358
2012-09-24,8.06,65.0,17.493513
2012-09-25,7.69,65.0,18.991362
2012-09-26,7.88,65.0,18.68076
2012-09-27,7.94,65.0,17.215254
2012-09-28,7.78,65.0,16.696077
2012-10-01,8.01,65.0,18.139061
2012-10-02,8.07,65.0,17.361908
2012-10-03,8.94,65.0,24.746288
2012-10-04,9.52,65.0,27.251682
2012-10-05,9.51,65.0,23.416115
2012-10-08,10.5,65.0,28.449278
2012-10-09,9.36,65.0,25.998714
2012-10-10,9.36,65.0,20.6106
2012-10-11,9.43,65.0,18.733376
2012-10-12,9.19,65.0,18.41785
2012-10-15,9.25,65.0,18.47591
2012-10-16,9.44,65.0,19.44149
2012-10-17,9.79,65.0,19.481724
2012-10-18,9.62,65.0,19.362648
2012-10-19,9.28,65.0,18.65745
2012-10-22,9.7,65.0,22.065355
2012-10-23,9.75,65.0,24.319717
2012-10-24,8.59,65.0,26.95068
2012-10-25,8.79,65.0,19.231152
2012-10-26,9.94,65.0,28.66715
2012-10-31,11.32,65.0,30.422817
2012-11-01,11.1,65.0,25.844501
2012-11-02,10.99,65.0,21.075243
2012-11-05,11.18,65.0,21.15716
2012-11-06,10.91,65.0,22.412775
2012-11-07,11.1,65.0,21.357492
2012-11-08,10.85,65.0,21.453585
2012-11-09,11.13,65.0,20.440678
2012-11-12,11.17,65.0,20.105927
2012-11-13,11.37,65.0,21.083418
2012-11-14,11.4,65.0,21.07674
2012-11-15,11.64,65.0,20.48465
2012-11-16,11.56,65.0,21.885952
2012-11-19,11.62,65.0,20.874496
2012-11-20,11.77,65.0,20.4366
2012-11-21,11.86,65.0,20.216654
2012-11-23,11.85,65.0,20.099897
2012-11-26,11.72,65.0,20.246534
2012-11-27,11.87,65.0,20.527475
2012-11-28,11.75,65.0,20.357843
2012-11-29,11.63,65.0,20.36721
2012-11-30,11.67,65.0,20.182838
2012-12-03,10.86,65.0,19.493824
2012-12-04,12.38,65.0,25.564121
2012-12-05,11.91,65.0,22.068035
2012-12-06,12.31,65.0,20.8028
2012-12-07,12.28,65.0,20.624695
2012-12-10,12.11,65.0,20.62019
2012-12-11,12.3,65.0,20.695133
2012-12-12,12.96,65.0,22.589699
2012-12-13,13.22,65.0,21.115578
2012-12-14,13.33,65.0,21.163246
2012-12-17,13.53,65.0,21.568535
2012-12-18,13.66,65.0,21.511543
2012-12-19,13.43,65.0,21.37658
2012-12-20,13.36,65.0,21.716106
2012-12-21,13.05,65.0,20.975283
2012-12-24,12.89,65.0,21.75985
2012-12-26,12.95,65.0,21.38967
2012-12-27,12.93,65.0,21.385754
2012-12-28,12.76,65.0,21.443598
2012-12-31,13.23,65.0,21.498104
2013-01-02,13.14,65.0,21.330427
2013-01-03,13.8,65.0,21.626854
2013-01-04,13.71,65.0,21.99077
2013-01-07,14.17,65.0,23.23862
2013-01-08,13.88,65.0,21.784876
2013-01-09,13.7,65.0,21.8293
2013-01-10,14.0,65.0,21.886354
2013-01-11,14.47,65.0,22.353088
2013-01-14,14.78,65.0,22.857937
2013-01-15,14.53,65.0,22.951817
2013-01-16,13.93,65.0,21.767963
2013-01-17,13.96,67.59,22.357937
2013-01-18,14.17,67.59,22.403496
2013-01-22,13.97,67.59,21.984459
2013-01-23,14.75,67.59,26.226616
2013-01-24,20.98,67.59,37.014618
2013-01-25,24.22,67.59,42.96713
2013-01-28,23.16,67.59,38.566383
2013-01-29,24.16,67.59,34.7566
2013-01-30,23.96,67.59,33.81244
2013-01-31,23.61,67.59,32.353474
2013-02-01,23.54,67.59,33.424023
2013-02-04,24.96,67.59,35.044235
2013-02-05,24.91,67.59,35.35557
2013-02-06,26.34,67.59,37.290752
2013-02-07,25.99,67.59,36.148697
2013-02-08,25.85,67.59,34.510017
2013-02-11,25.41,67.59,34.163246
2013-02-12,25.42,67.59,34.24417
2013-02-13,26.61,67.59,35.71222
2013-02-14,26.77,67.59,35.54853
2013-02-15,27.07,67.59,35.73671
2013-02-19,28.06,67.59,36.866516
2013-02-20,26.73,67.59,35.55178
2013-02-21,26.74,67.59,35.614555
2013-02-22,25.69,67.59,34.67959
2013-02-25,25.62,67.59,35.745083
2013-02-26,26.3,67.59,35.107754
2013-02-27,26.33,67.59,34.894993
2013-02-28,26.87,67.59,35.681416
2013-03-01,27.05,67.59,30.175968
2013-03-04,25.89,67.59,29.835415
2013-03-05,25.96,67.59,29.210176
2013-03-06,26.13,67.59,29.503485
2013-03-07,25.94,67.59,29.246042
2013-03-08,26.39,67.59,29.573769
2013-03-11,25.78,67.59,29.146805
2013-03-12,26.02,67.59,29.339725
2013-03-13,27.48,68.46,31.338112
2013-03-14,26.91,68.7,29.963413
2013-03-15,26.41,68.7,29.674002
2013-03-18,26.51,68.7,29.810959
2013-03-19,25.91,68.7,29.277634
2013-03-20,26.15,68.7,29.653358
2013-03-21,26.0,68.7,29.371258
2013-03-22,25.9,68.7,29.383347
2013-03-25,25.83,68.7,29.308464
2013-03-26,27.23,68.7,30.86308
2013-03-27,27.18,68.7,30.482819
2013-03-28,27.04,68.7,30.222658
2013-04-01,26.06,69.2,29.297558
2013-04-02,25.24,69.2,28.719078
2013-04-03,24.25,69.2,29.778465
2013-04-04,23.81,69.2,27.744392
2013-04-05,23.52,69.2,27.552998
2013-04-08,23.29,69.2,27.37041
2013-04-09,24.19,69.2,28.00679
2013-04-10,23.72,69.2,27.631351
2013-04-11,24.72,69.2,28.37356
2013-04-12,24.74,69.2,28.47232
2013-04-15,25.21,69.2,29.199703
2013-04-16,25.12,69.2,28.636505
2013-04-17,24.19,69.2,27.924444
2013-04-18,23.4,69.2,27.22601
2013-04-19,23.34,69.2,27.103224
2013-04-22,24.91,69.2,30.634047
2013-04-23,31.0,69.2,37.042213
2013-04-24,30.96,69.2,33.728058
2013-04-25,30.54,69.2,32.789894
2013-04-26,30.79,69.2,33.228092
2013-04-29,30.72,69.2,33.195824
2013-04-30,30.87,69.2,33.202545
2013-05-01,30.42,69.2,33.009346
2013-05-02,30.64,69.2,33.197563
2013-05-03,30.49,69.2,33.150368
2013-05-06,30.1,69.2,32.4561
2013-05-07,29.46,69.2,32.242386
2013-05-08,29.8,69.2,32.51166
2013-05-09,30.92,69.2,33.2961
2013-05-10,31.1,69.2,33.58941
2013-05-13,32.77,69.2,35.085705
2013-05-14,33.42,69.2,35.57939
2013-05-15,34.77,69.2,36.74945
2013-05-16,33.86,69.2,36.077988
2013-05-17,34.14,69.2,36.462154
2013-05-20,34.22,69.2,36.69711
2013-05-21,33.87,69.2,36.58313
2013-05-22,32.65,69.2,34.92787
2013-05-23,32.31,69.2,34.761337
2013-05-24,32.68,69.2,35.31487
2013-05-28,30.6,69.2,33.22617
2013-05-29,30.76,69.2,33.05626
2013-05-30,31.81,69.2,37.046764
2013-05-31,32.32,69.2,37.59289
2013-06-03,31.71,69.2,36.8589
2013-06-04,32.19,69.2,37.378403
2013-06-05,31.92,69.2,37.335197
2013-06-06,31.11,69.2,36.456173
2013-06-07,31.46,69.2,36.248783
2013-06-10,31.56,69.2,36.331352
2013-06-11,30.64,69.2,35.399887
2013-06-12,29.66,69.2,34.7368
2013-06-13,30.77,69.2,35.76877
2013-06-14,30.57,69.2,35.346233
2013-06-17,32.75,69.2,38.22031
2013-06-18,32.69,69.2,37.618084
2013-06-19,33.19,69.2,38.334953
2013-06-20,31.93,69.2,37.069042
2013-06-21,30.99,69.2,36.233913
2013-06-24,30.8,69.2,35.762634
2013-06-25,30.41,69.2,35.56548
2013-06-26,30.3,69.2,35.335815
2013-06-27,30.71,69.2,35.70066
2013-06-28,30.16,69.2,35.243797
2013-07-01,32.04,69.2,36.873825
2013-07-02,31.64,69.2,36.187218
2013-07-03,31.56,69.2,35.90507
2013-07-05,32.16,69.2,36.558804
2013-07-08,33.3,69.2,38.0818
2013-07-09,35.34,69.2,40.222424
2013-07-10,34.83,69.2,39.500664
2013-07-11,34.88,69.2,39.507298
2013-07-12,36.75,69.2,41.533775
2013-07-15,36.85,69.2,41.562386
2013-07-16,37.21,69.2,41.96256
2013-07-17,38.27,69.2,43.06064
2013-07-18,38.06,69.2,42.811382
2013-07-19,37.8,69.2,42.638336
2013-07-22,37.42,69.2,42.90387
2013-07-23,35.75,69.2,44.25592
2013-07-24,34.47,69.2,39.391388
2013-07-25,35.25,69.2,39.837223
2013-07-26,35.19,69.2,39.74919
2013-07-29,34.99,69.2,39.549446
2013-07-30,34.82,69.2,39.40078
2013-07-31,34.93,69.2,39.479927
2013-08-01,35.59,69.2,40.244453
2013-08-02,35.17,69.2,39.75888
2013-08-05,36.26,69.2,40.980824
2013-08-06,36.56,69.2,41.253803
2013-08-07,35.6,69.2,40.26013
2013-08-08,35.77,69.2,40.45386
2013-08-09,36.11,69.2,40.840527
2013-08-12,36.66,69.2,41.38269
2013-08-13,37.03,69.2,41.76528
2013-08-14,37.4,69.2,42.243675
2013-08-15,36.2,69.2,40.92634
2013-08-16,36.98,69.2,41.70085
2013-08-19,37.11,69.2,41.992767
2013-08-20,39.04,69.2,43.78518
2013-08-21,38.62,69.2,43.40821
2013-08-22,38.54,69.2,43.66387
2013-08-23,39.77,69.2,44.63604
2013-08-26,40.39,69.2,45.22067
2013-08-27,39.43,69.2,44.291946
2013-08-28,40.48,69.2,45.52173
2013-08-29,41.12,69.2,47.991035
2013-08-30,40.56,69.2,47.4037
2013-09-03,41.29,69.2,48.210007
2013-09-04,41.78,69.2,48.69584
2013-09-05,42.16,69.2,49.051414
2013-09-06,41.65,69.2,48.462727
2013-09-09,42.02,69.2,48.97885
2013-09-10,44.72,69.2,52.143684
2013-09-11,44.04,69.2,51.343285
2013-09-12,43.06,69.2,50.126488
2013-09-13,43.66,69.2,50.68087
2013-09-16,43.17,69.2,50.169197
2013-09-17,42.79,69.2,49.66504
2013-09-18,43.85,69.2,50.92604
2013-09-19,43.64,69.2,50.61029
2013-09-20,44.83,69.2,52.15574
2013-09-23,43.15,69.2,50.49929
2013-09-24,43.78,69.2,50.7312
2013-09-25,43.88,69.2,50.940754
2013-09-26,44.79,69.2,52.02234
2013-09-27,44.63,69.2,52.003246
2013-09-30,44.17,69.2,51.282974
2013-10-01,46.37,69.2,53.70781
2013-10-02,47.25,69.2,54.640892
2013-10-03,45.96,69.2,53.198013
2013-10-04,46.75,69.2,54.182034
2013-10-07,45.45,69.2,52.698982
2013-10-08,43.19,69.2,50.431625
2013-10-09,41.2,69.2,48.960613
2013-10-10,43.43,69.2,50.700714
2013-10-11,42.98,69.2,49.854156
2013-10-14,46.34,69.2,53.913986
2013-10-15,45.96,69.2,53.241806
2013-10-16,46.13,69.2,53.35977
2013-10-17,47.16,69.2,54.52197
2013-10-18,47.64,69.2,55.04232
2013-10-21,50.71,69.2,57.86649
2013-10-22,50.71,69.2,61.49705
2013-10-23,47.18,69.2,54.629448
2013-10-24,47.32,69.2,54.748955
2013-10-25,46.86,69.2,54.17542
2013-10-28,44.86,69.2,52.177536
2013-10-29,46.76,69.2,54.131233
2013-10-30,45.45,69.2,52.566216
2013-10-31,46.07,80.29,53.31761
2013-11-01,47.04,81.65,54.334564
2013-11-04,48.23,81.65,55.68622
2013-11-05,48.79,81.65,56.48084
2013-11-06,47.95,81.65,55.396652
2013-11-07,46.69,81.65,53.95249
2013-11-08,47.84,81.65,55.307922
2013-11-11,48.27,81.65,55.884712
2013-11-12,47.68,81.65,55.314636
2013-11-13,47.9,81.65,55.56891
2013-11-14,48.94,81.65,56.587105
2013-11-15,49.97,81.65,57.827423
2013-11-18,48.82,81.65,56.43766
2013-11-19,48.18,81.65,55.773285
2013-11-20,48.5,81.65,56.077194
2013-11-21,49.79,81.65,57.690617
2013-11-22,49.69,82.09,57.606533
2013-11-25,50.03,84.28,58.005295
2013-11-26,50.74,84.28,58.81929
2013-11-27,51.78,84.28,60.02917
2013-11-29,52.26,84.28,58.384895
2013-12-02,51.99,87.61,58.06832
2013-12-03,51.85,88.27,57.899437
2013-12-04,50.9,88.27,56.633194
2013-12-05,51.15,88.79,57.04797
2013-12-06,50.63,89.0,56.42652
2013-12-09,50.81,89.0,56.638992
2013-12-10,51.87,89.0,57.903664
2013-12-11,52.0,89.86,57.925552
2013-12-12,53.33,89.86,59.504856
2013-12-13,52.71,89.86,58.81443
2013-12-16,52.33,89.86,58.46091
2013-12-17,53.55,89.86,59.814137
2013-12-18,53.75,89.86,60.028656
2013-12-19,53.82,89.86,60.265358
2013-12-20,53.67,90.46,59.9495
2013-12-23,54.37,90.46,60.95673
2013-12-24,54.06,92.45,60.631638
2013-12-26,53.85,95.87,60.334606
2013-12-27,52.5,95.87,58.586533
2013-12-30,52.43,95.87,58.55623
2013-12-31,52.6,95.87,58.738922
2014-01-02,51.83,95.87,57.81327
2014-01-03,51.87,95.87,57.847633
2014-01-06,51.37,95.87,57.18931
2014-01-07,48.5,95.87,55.02211
2014-01-08,48.71,96.41,54.20363
2014-01-09,48.15,97.31,53.461296
2014-01-10,47.45,97.31,52.68922
2014-01-13,48.12,97.31,53.966606
2014-01-14,48.28,97.31,53.725044
2014-01-15,47.2,97.31,53.74266
2014-01-16,47.38,97.31,52.825523
2014-01-17,47.15,97.31,52.364388
2014-01-21,46.96,97.31,52.62397
2014-01-22,47.68,97.31,54.40643
2014-01-23,55.53,97.31,64.26421
2014-01-24,55.15,97.31,62.41182
2014-01-27,54.46,97.31,61.43553
2014-01-28,58.11,97.31,65.965675
2014-01-29,57.2,101.09,64.35187
2014-01-30,57.81,101.09,64.88026
2014-01-31,58.48,101.09,65.60018
2014-02-03,57.77,115.81,64.78921
2014-02-04,57.99,115.81,65.10742
2014-02-05,57.77,115.81,64.87008
2014-02-06,58.27,115.81,65.56481
2014-02-07,61.43,115.81,69.32925
2014-02-10,61.49,115.81,69.38287
2014-02-11,62.0,115.81,70.036446
2014-02-12,61.28,115.81,69.066414
2014-02-13,62.36,115.81,70.38131
2014-02-14,62.22,115.81,70.35112
2014-02-18,62.41,115.81,70.52612
2014-02-19,61.18,115.81,68.9304
2014-02-20,62.14,115.81,70.247185
2014-02-21,61.75,121.15,69.71937
2014-02-24,63.86,123.71,72.15758
2014-02-25,64.72,126.45,73.45037
2014-02-26,64.11,126.45,72.748985
2014-02-27,64.6,126.45,73.47476
2014-02-28,63.66,126.45,72.1491
2014-03-03,63.66,126.45,80.22718
2014-03-04,65.0,126.45,81.9544
2014-03-05,64.79,126.45,81.71248
2014-03-06,64.36,126.45,81.148506
2014-03-07,64.05,126.45,80.75737
2014-03-10,62.85,126.45,79.16241
2014-03-11,62.5,126.45,78.800865
2014-03-12,62.37,126.45,78.60659
2014-03-13,61.44,126.45,77.43384
2014-03-14,60.64,126.45,76.35318
2014-03-17,60.39,126.45,76.10728
2014-03-18,60.04,126.45,75.59352
2014-03-19,60.01,126.45,75.625694
2014-03-20,60.61,126.45,76.323326
2014-03-21,58.0,126.45,72.718475
2014-03-24,54.13,126.45,68.31098
2014-03-25,52.98,126.45,66.33141
2014-03-26,53.18,126.45,66.537445
2014-03-27,52.03,126.45,65.10719
2014-03-28,51.27,126.45,64.15937
2014-03-31,50.29,126.45,62.96353
2014-04-01,52.1,126.45,65.30953
2014-04-02,51.84,126.45,64.8859
2014-04-03,50.67,126.45,63.450527
2014-04-04,48.19,126.45,60.92873
2014-04-07,48.29,126.45,61.18352
2014-04-08,49.84,126.45,62.358597
2014-04-09,50.43,126.45,63.18579
2014-04-10,47.82,126.45,59.973995
2014-04-11,46.67,126.45,58.935257
2014-04-14,47.37,126.45,59.465366
2014-04-15,46.61,126.45,58.901474
2014-04-16,47.34,126.45,59.467785
2014-04-17,49.39,126.45,62.16299
2014-04-21,49.78,126.45,63.57455
2014-04-22,53.27,126.45,68.10732
2014-04-23,50.5,126.45,63.903786
2014-04-24,49.15,126.45,61.804684
2014-04-25,46.01,126.45,58.374443
2014-04-28,44.89,126.45,58.015953
2014-04-29,45.7,126.45,57.450737
2014-04-30,46.01,126.45,57.832855
2014-05-01,48.07,126.45,60.91647
2014-05-02,48.66,126.45,61.005295
2014-05-05,49.2,126.45,61.64895
2014-05-06,46.6,126.45,58.462547
2014-05-07,45.79,126.45,57.69066
2014-05-08,45.95,126.45,57.67083
2014-05-09,46.94,126.45,58.94281
2014-05-12,49.35,126.45,61.812576
2014-05-13,49.59,126.45,62.12229
2014-05-14,50.27,126.45,62.999184
2014-05-15,49.17,126.45,61.547493
2014-05-16,49.98,126.45,62.651478
2014-05-19,52.07,126.45,65.14441
2014-05-20,53.1,126.45,66.39275
2014-05-21,55.8,126.45,70.177765
2014-05-22,55.97,126.45,70.07435
2014-05-23,57.48,126.45,72.15826
2014-05-27,56.97,126.45,71.386635
2014-05-28,57.32,126.45,72.01527
2014-05-29,59.31,126.45,74.49135
2014-05-30,59.69,126.45,76.50681
2014-06-02,60.29,126.45,77.40677
2014-06-03,59.65,126.45,76.55977
2014-06-04,60.46,126.45,77.64602
2014-06-05,61.19,126.45,78.61147
2014-06-06,61.45,126.45,79.0011
2014-06-09,60.44,126.45,77.62737
2014-06-10,61.18,126.45,78.716644
2014-06-11,61.43,126.45,79.002426
2014-06-12,60.35,126.45,77.51594
2014-06-13,61.1,126.45,78.527405
2014-06-16,61.47,126.45,79.07422
2014-06-17,63.38,126.45,81.57025
2014-06-18,64.1,126.45,82.683685
2014-06-19,63.06,126.45,81.18457
2014-06-20,62.88,126.45,80.96506
2014-06-23,62.79,128.93,80.866455
2014-06-24,62.34,128.93,80.22906
2014-06-25,63.46,130.93,81.73381
2014-06-26,62.8,130.93,80.84597
2014-06-27,63.15,130.93,81.31156
2014-06-30,62.94,130.93,81.02812
2014-07-01,67.59,130.93,87.1103
2014-07-02,66.68,130.93,86.23077
2014-07-03,67.48,130.93,87.22811
2014-07-07,65.8,130.93,85.01621
2014-07-08,63.58,130.93,81.913284
2014-07-09,63.29,130.93,81.5516
2014-07-10,62.65,130.93,80.65193
2014-07-11,62.85,130.93,80.87029
2014-07-14,64.65,130.93,83.37564
2014-07-15,64.16,130.93,82.66817
2014-07-16,63.49,130.93,81.752785
2014-07-17,62.77,130.93,80.770065
2014-07-18,63.45,130.93,81.714165
2014-07-21,64.56,130.93,82.98288
2014-07-22,61.58,130.93,78.27149
2014-07-23,61.13,130.93,78.5064
2014-07-24,60.77,130.93,78.00729
2014-07-25,60.27,130.93,77.42199
2014-07-28,60.67,130.93,77.95753
2014-07-29,60.61,130.93,77.91475
2014-07-30,62.05,130.93,79.7753
2014-07-31,60.39,130.93,77.55256
2014-08-01,60.77,130.93,78.0037
2014-08-04,60.39,130.93,77.59737
2014-08-05,60.41,130.93,77.62487
2014-08-06,61.47,130.93,78.983284
2014-08-07,64.24,130.93,82.80251
2014-08-08,63.69,130.93,82.00652
2014-08-11,64.51,130.93,83.149185
2014-08-12,63.77,130.93,82.16043
2014-08-13,64.5,130.93,83.17559
2014-08-14,64.41,130.93,83.07541
2014-08-15,65.58,130.93,84.76057
2014-08-18,66.57,130.93,85.98791
2014-08-19,66.88,130.93,86.41214
2014-08-20,67.46,130.93,87.2111
2014-08-21,67.44,130.93,87.17478
2014-08-22,68.46,130.93,88.64843
2014-08-25,68.7,130.93,88.980156
2014-08-26,68.48,130.93,88.607155
2014-08-27,67.81,130.93,87.688576
2014-08-28,67.89,130.93,87.82488
2014-08-29,68.23,130.93,87.92028
2014-09-02,68.09,130.93,87.74338
2014-09-03,68.2,130.93,87.79958
2014-09-04,67.52,130.93,86.952194
2014-09-05,67.95,130.93,87.54489
2014-09-08,68.48,130.93,88.28678
2014-09-09,68.43,130.93,87.96229
2014-09-10,69.2,130.93,89.24961
2014-09-11,68.79,130.93,88.70484
2014-09-12,68.08,130.93,87.70438
2014-09-15,65.39,130.93,83.7544
2014-09-16,65.27,130.93,83.32847
2014-09-17,64.93,130.93,83.43999
2014-09-18,65.57,130.93,84.30888
2014-09-19,65.36,130.93,84.0147
2014-09-22,63.25,130.93,81.094185
2014-09-23,63.41,130.93,81.49383
2014-09-24,64.37,130.93,82.78855
2014-09-25,63.36,130.93,81.47474
2014-09-26,64.11,130.93,82.42814
2014-09-29,64.22,130.93,82.594925
2014-09-30,64.45,130.93,82.76539
2014-10-01,62.69,130.93,80.36608
2014-10-02,64.28,130.93,82.30196
2014-10-03,65.65,130.93,84.299324
2014-10-06,66.21,130.93,85.07863
2014-10-07,65.18,130.93,83.686455
2014-10-08,66.69,130.93,85.73115
2014-10-09,65.95,130.93,84.711205
2014-10-10,64.58,130.93,82.67638
2014-10-13,62.65,130.93,80.00715
2014-10-14,64.16,130.93,82.24414
2014-10-15,64.08,130.93,81.56122
2014-10-16,51.67,130.93,70.84399
2014-10-17,51.01,130.93,67.81757
2014-10-20,51.32,130.93,64.286964
2014-10-21,52.28,130.93,66.56426
2014-10-22,53.52,130.93,67.26876
2014-10-23,54.72,130.93,69.78013
2014-10-24,55.0,130.93,70.41015
2014-10-27,54.2,130.93,69.29995
2014-10-28,55.17,130.93,70.71432
2014-10-29,54.01,130.93,69.09925
2014-10-30,54.14,130.93,69.34856
2014-10-31,56.11,130.93,71.56709
2014-11-03,55.49,130.93,70.95794
2014-11-04,54.68,130.93,70.05282
2014-11-05,54.34,130.93,69.52636
2014-11-06,54.76,130.93,70.21108
2014-11-07,54.88,130.93,70.39801
2014-11-10,55.32,130.93,70.975395
2014-11-11,54.65,130.93,69.92289
2014-11-12,54.84,130.93,70.28312
2014-11-13,54.2,130.93,69.434166
2014-11-14,55.15,130.93,70.70425
2014-11-17,54.45,130.93,69.82197
2014-11-18,54.43,130.93,69.84296
2014-11-19,51.87,130.93,65.65192
2014-11-20,52.59,130.93,67.09342
2014-11-21,51.47,130.93,65.53938
2014-11-24,50.92,130.93,64.81207
2014-11-25,49.86,130.93,62.82801
2014-11-26,50.17,130.93,64.09514
2014-11-28,49.51,130.93,63.3648
2014-12-01,48.83,130.93,58.749596
2014-12-02,50.33,130.93,60.380913
2014-12-03,50.73,130.93,60.84939
2014-12-04,50.09,130.93,60.168488
2014-12-05,50.13,130.93,60.263947
2014-12-08,48.5,130.93,58.346386
2014-12-09,49.11,130.93,58.931335
2014-12-10,47.76,130.93,57.53849
2014-12-11,47.8,130.93,57.607056
2014-12-12,47.78,130.93,57.53856
2014-12-15,46.72,130.93,56.358437
2014-12-16,45.21,130.93,54.52852
2014-12-17,47.66,130.93,57.32984
2014-12-18,47.77,130.93,57.474384
2014-12-19,48.59,130.93,58.415985
2014-12-22,48.1,130.93,58.053074
2014-12-23,48.06,130.93,57.99758
2014-12-24,48.87,130.93,58.959953
2014-12-26,48.58,130.93,58.53849
2014-12-29,48.85,130.93,58.844177
2014-12-30,49.03,130.93,59.089485
2014-12-31,48.8,130.93,58.760803
2015-01-02,49.85,130.93,59.82514
2015-01-05,47.31,130.93,56.85263
2015-01-06,46.5,130.93,55.974876
2015-01-07,46.74,130.93,56.448498
2015-01-08,47.78,130.93,57.614925
2015-01-09,47.04,130.93,56.798588
2015-01-12,45.55,130.93,54.97963
2015-01-13,46.26,130.93,55.71921
2015-01-14,46.32,130.93,55.829437
2015-01-15,46.25,130.93,55.81906
2015-01-16,48.19,130.93,57.865433
2015-01-20,49.83,130.93,60.927437
2015-01-21,58.47,130.93,70.124695
2015-01-22,61.21,130.93,73.680145
2015-01-23,62.49,130.93,75.028
2015-01-26,63.79,130.93,76.44996
2015-01-27,64.88,130.93,77.91432
2015-01-28,63.21,130.93,75.85514
2015-01-29,63.4,130.93,75.69118
2015-01-30,63.11,130.93,75.25119
2015-02-02,63.01,130.93,75.118225
2015-02-03,65.27,130.93,78.052895
2015-02-04,64.1,130.93,76.43859
2015-02-05,64.13,130.93,76.55312
2015-02-06,63.48,130.93,75.44503
2015-02-09,63.29,130.93,75.16013
2015-02-10,64.85,130.93,77.49113
2015-02-11,64.98,130.93,77.58816
2015-02-12,65.25,130.93,77.55209
2015-02-13,66.59,130.93,79.52822
2015-02-17,67.14,130.93,80.04916
2015-02-18,67.87,130.93,80.84873
2015-02-19,67.8,130.93,80.7753
2015-02-20,68.31,130.93,81.29975
2015-02-23,67.41,130.93,80.19674
2015-02-24,67.84,130.93,80.46833
2015-02-25,68.33,130.93,81.11534
2015-02-26,69.0,130.93,82.237335
2015-02-27,67.84,130.93,80.91053
2015-03-02,68.61,130.93,80.604004
2015-03-03,67.82,130.93,79.45757
2015-03-04,67.11,130.93,79.19864
2015-03-05,66.81,130.93,78.41367
2015-03-06,64.87,130.93,76.10767
2015-03-09,63.66,130.93,74.93731
2015-03-10,62.15,130.93,72.99428
2015-03-11,62.88,130.93,73.86016
2015-03-12,64.05,130.93,75.20408
2015-03-13,62.63,130.93,73.123405
2015-03-16,60.28,130.93,70.6406
2015-03-17,59.79,130.93,69.93664
2015-03-18,60.45,130.93,70.71162
2015-03-19,60.74,130.93,70.84874
2015-03-20,61.18,130.93,71.56163
2015-03-23,60.71,130.93,70.549545
2015-03-24,62.61,130.93,73.55482
2015-03-25,60.25,130.93,70.56852
2015-03-26,59.75,130.93,69.86379
2015-03-27,59.25,130.93,69.20134
2015-03-30,60.37,130.93,70.51884
2015-03-31,59.53,130.93,69.47076
2015-04-01,59.02,130.93,68.834435
2015-04-02,59.15,130.93,68.705246
2015-04-06,60.33,130.93,70.25945
2015-04-07,60.49,130.93,70.40469
2015-04-08,63.05,130.93,74.18173
2015-04-09,62.79,130.93,73.53368
2015-04-10,64.94,130.93,76.596275
2015-04-13,67.81,130.93,79.169876
2015-04-14,68.39,130.93,80.87316
2015-04-15,67.92,130.93,79.29502
2015-04-16,80.29,130.93,98.47218
2015-04-17,81.65,130.93,97.61622
2015-04-20,81.06,130.93,97.13343
2015-04-21,80.06,130.93,95.28431
2015-04-22,79.67,130.93,94.508736
2015-04-23,79.87,130.93,94.804276
2015-04-24,79.77,130.93,94.5563
2015-04-27,80.87,130.93,96.24995
2015-04-28,80.44,130.93,95.231346
2015-04-29,80.41,130.93,95.24699
2015-04-30,79.5,130.93,94.181694
2015-05-01,79.58,130.93,94.15826
2015-05-04,79.27,130.93,93.69925
2015-05-05,80.79,130.93,96.84313
2015-05-06,80.08,130.93,94.9795
2015-05-07,80.75,130.93,95.72431
2015-05-08,82.09,130.93,97.674706
2015-05-11,84.28,130.93,101.34719
2015-05-12,83.38,130.93,99.14974
2015-05-13,82.87,130.93,98.45385
2015-05-14,83.84,130.93,99.50233
2015-05-15,87.61,130.93,105.703896
2015-05-18,88.27,130.93,105.67537
2015-05-19,88.07,130.93,105.874985
2015-05-20,88.79,130.93,106.13912
2015-05-21,89.0,130.93,106.412346
2015-05-22,88.84,130.93,105.76618
2015-05-26,87.99,130.93,104.853485
2015-05-27,89.86,130.93,107.32877
2015-05-28,89.51,130.93,106.65694
2015-05-29,89.15,130.93,106.60372
2015-06-01,89.0,130.93,112.213936
2015-06-02,89.13,130.93,112.50787
2015-06-03,88.81,130.93,112.16273
2015-06-04,89.35,130.93,112.6916
2015-06-05,90.46,130.93,114.15543
2015-06-08,89.6,130.93,112.986984
2015-06-09,92.45,130.93,117.33025
2015-06-10,95.87,130.93,121.147766
2015-06-11,95.09,130.93,121.308815
2015-06-12,94.42,130.93,119.7746
2015-06-15,93.43,130.93,118.51685
2015-06-16,95.27,130.93,121.020355
2015-06-17,94.27,130.93,119.56878
2015-06-18,94.74,130.93,120.25209
2015-06-19,93.87,130.93,119.18021
2015-06-22,96.41,130.93,122.70188
2015-06-23,97.31,130.93,124.00057
2015-06-24,96.94,130.93,122.95902
2015-06-25,94.89,130.93,120.88447
2015-06-26,93.09,130.93,118.57398
2015-06-29,92.23,130.93,117.17362
2015-06-30,93.85,130.93,118.91068
2015-07-01,93.64,130.93,118.57914
2015-07-02,94.04,130.93,119.15782
2015-07-06,94.57,130.93,119.90242
2015-07-07,94.09,130.93,119.53922
2015-07-08,93.51,130.93,118.38076
2015-07-09,95.73,130.93,121.636925
2015-07-10,97.23,130.93,124.01202
2015-07-13,101.09,130.93,129.78177
2015-07-14,100.37,130.93,128.37675
2015-07-15,98.13,130.93,130.16292
2015-07-16,115.81,130.93,151.38586
2015-07-17,114.77,130.93,150.07321
2015-07-20,110.55,130.93,144.66084
2015-07-21,112.51,130.93,144.84184
2015-07-22,111.5,130.93,142.88934
2015-07-23,110.1,130.93,141.37712
2015-07-24,109.34,130.93,140.38162
2015-07-27,106.43,131.81,136.0825
2015-07-28,106.9,131.81,136.69542
2015-07-29,107.08,131.81,138.0722
2015-07-30,111.56,131.81,143.55293
2015-07-31,114.31,131.81,147.3519
2015-08-03,112.56,131.81,144.2653
2015-08-04,121.15,133.7,158.20456
2015-08-05,123.71,133.7,161.49362
2015-08-06,126.45,133.7,165.01642
2015-08-07,123.52,138.41,159.73132
2015-08-10,123.03,138.6,159.0857
2015-08-11,122.74,138.6,158.31284
2015-08-12,120.51,140.11,155.68881
2015-08-13,123.73,140.11,160.04428
2015-08-14,123.39,140.11,160.25229
2015-08-17,125.36,142.45,162.74736
2015-08-18,124.05,142.45,160.81136
2015-08-19,122.06,142.45,157.61513
2015-08-20,112.49,142.45,147.27258
2015-08-21,103.96,142.45,136.97328
2015-08-24,96.88,142.45,128.70631
2015-08-25,101.52,142.45,134.11322
2015-08-26,110.13,144.0,144.40198
2015-08-27,117.66,144.74,153.73817
2015-08-28,117.63,144.74,152.43915
2015-08-31,115.03,144.82,157.3421
2015-09-01,105.79,144.82,148.85947
2015-09-02,105.44,144.82,148.40282
2015-09-03,101.06,144.82,142.68074
2015-09-04,98.79,144.82,139.64352
2015-09-08,94.95,144.82,134.45506
2015-09-09,99.18,144.82,140.17046
2015-09-10,99.48,144.82,139.55365
2015-09-11,97.51,144.82,134.41568
2015-09-14,95.69,144.82,130.84546
2015-09-15,99.16,144.82,139.94006
2015-09-16,104.08,144.82,146.6283
2015-09-17,104.21,144.82,146.79791
2015-09-18,102.62,144.82,144.02118
2015-09-21,100.3,144.82,138.40237
2015-09-22,98.47,144.82,135.17091
2015-09-23,98.07,144.82,130.57718
2015-09-24,103.76,144.82,145.22784
2015-09-25,102.24,144.82,141.76338
2015-09-28,99.47,144.82,136.5919
2015-09-29,98.35,144.82,135.52278
2015-09-30,103.26,144.82,141.15671
2015-10-01,105.98,145.25,145.46829
2015-10-02,106.11,145.25,148.36131
2015-10-05,111.25,145.25,154.76413
2015-10-06,108.33,145.83,150.80211
2015-10-07,108.1,145.83,145.53662
2015-10-08,114.93,145.83,160.61488
2015-10-09,113.33,145.83,158.2393
2015-10-12,113.45,145.83,152.98775
2015-10-13,109.73,145.83,150.51083
2015-10-14,110.23,145.83,154.59088
2015-10-15,101.09,146.47,142.66466
2015-10-16,98.99,148.06,139.01819
2015-10-19,101.69,148.06,143.44676
2015-10-20,98.99,148.06,136.25198
2015-10-21,97.96,148.06,132.63269
2015-10-22,97.32,148.06,131.21637
2015-10-23,100.04,148.06,138.1029
2015-10-26,103.04,148.06,138.5701
2015-10-27,103.07,148.06,138.50781
2015-10-28,105.8,148.06,142.92169
2015-10-29,105.12,148.06,139.34183
2015-10-30,108.38,148.06,147.7309
2015-11-02,107.64,148.06,144.45326
2015-11-03,109.74,148.06,147.88077
2015-11-04,114.05,148.06,156.25294
2015-11-05,113.5,148.06,153.9752
2015-11-06,114.06,148.06,152.38138
2015-11-09,109.86,148.06,149.90247
2015-11-10,112.7,152.16,150.74806
2015-11-11,112.86,152.16,150.85558
2015-11-12,108.92,153.08,149.46695
2015-11-13,103.65,153.08,143.34808
2015-11-16,111.35,155.35,154.0766
2015-11-17,117.1,156.45,163.39616
2015-11-18,120.63,156.45,167.98207
2015-11-19,120.22,157.25,165.50743
2015-11-20,123.84,157.25,169.79546
2015-11-23,125.03,157.25,170.68547
2015-11-24,123.31,157.46,169.11705
2015-11-25,124.16,160.28,166.43115
2015-11-27,125.44,160.28,168.56384
2015-11-30,123.33,160.81,161.0882
2015-12-01,125.37,160.81,164.01482
2015-12-02,128.93,160.81,172.00932
2015-12-03,126.81,160.81,169.13173
2015-12-04,130.93,160.81,174.23459
2015-12-07,125.36,160.81,167.16354
2015-12-08,126.98,160.81,168.24388
2015-12-09,124.2,160.81,163.99838
2015-12-10,122.91,160.81,160.38968
2015-12-11,118.91,163.05,155.84874
2015-12-14,120.67,163.05,159.46136
2015-12-15,118.6,163.22,154.55176
2015-12-16,122.64,163.22,160.00882
2015-12-17,122.51,163.22,161.41013
2015-12-18,118.02,165.18,155.43105
2015-12-21,116.63,165.18,151.85205
2015-12-22,116.24,165.18,151.8667
2015-12-23,118.16,165.61,154.84547
2015-12-24,117.33,165.88,155.11914
2015-12-28,117.11,165.88,153.92844
2015-12-29,119.12,165.88,156.8626
2015-12-30,116.71,165.88,153.45723
2015-12-31,114.38,165.88,149.50557
2016-01-04,109.96,165.88,144.9338
2016-01-05,107.66,165.88,141.0285
2016-01-06,117.68,165.88,156.47365
2016-01-07,114.56,165.88,152.0946
2016-01-08,111.39,165.88,146.27647
2016-01-11,114.97,165.88,152.32376
2016-01-12,116.58,165.88,152.2162
2016-01-13,106.56,165.88,140.85197
2016-01-14,107.06,165.88,141.57516
2016-01-15,104.04,165.88,136.55797
2016-01-19,107.89,165.88,142.77563
2016-01-20,107.74,165.88,142.55869
2016-01-21,102.35,165.88,134.83191
2016-01-22,100.72,165.88,132.3681
2016-01-25,99.12,165.88,129.76292
2016-01-26,97.83,165.88,127.901695
2016-01-27,91.15,165.88,118.00747
2016-01-28,94.41,165.88,122.834816
2016-01-29,91.84,165.88,118.880394
2016-02-01,94.09,165.88,122.2169
2016-02-02,91.49,165.88,118.3877
2016-02-03,90.74,165.88,117.40038
2016-02-04,89.71,183.6,115.75812
2016-02-05,82.79,183.86,105.633675
2016-02-08,83.32,183.86,106.39234
2016-02-09,86.13,188.54,110.52158
2016-02-10,88.45,188.54,114.00998
2016-02-11,86.35,188.54,110.800385
2016-02-12,87.4,189.08,112.38987
2016-02-16,89.05,189.08,114.61283
2016-02-17,94.76,189.08,123.230576
2016-02-18,90.49,189.08,116.882835
2016-02-19,89.23,189.08,114.659035
2016-02-22,91.93,189.08,118.84316
2016-02-23,89.12,189.08,114.2268
2016-02-24,91.61,189.08,118.30218
2016-02-25,94.53,189.08,122.88029
2016-02-26,94.79,189.08,123.054924
2016-02-29,93.41,189.08,118.113556
2016-03-01,98.3,189.08,125.243515
2016-03-02,97.61,189.08,125.12132
2016-03-03,97.93,189.08,124.26777
2016-03-04,101.58,189.08,131.8286
2016-03-07,95.49,189.08,122.80703
2016-03-08,96.23,189.08,121.954
2016-03-09,98.0,189.08,124.01418
2016-03-10,97.36,189.08,123.9721
2016-03-11,97.66,189.08,123.893036
2016-03-14,98.13,189.08,124.01128
2016-03-15,97.86,189.08,123.35528
2016-03-16,99.35,189.08,125.94202
2016-03-17,99.72,189.08,126.71961
2016-03-18,101.12,189.08,129.03288
2016-03-21,101.06,189.08,127.871735
2016-03-22,99.84,189.08,126.179756
2016-03-23,99.59,189.08,125.9871
2016-03-24,98.36,189.08,124.22894
2016-03-28,101.21,189.08,128.52243
2016-03-29,104.13,189.08,133.72273
2016-03-30,102.19,189.08,130.50299
2016-03-31,102.23,189.08,129.51006
2016-04-01,105.7,189.08,135.66614
2016-04-04,104.35,189.08,132.66115
2016-04-05,104.94,189.08,133.39746
2016-04-06,104.83,189.08,133.25311
2016-04-07,104.45,189.08,132.75044
2016-04-08,103.81,189.08,132.49217
2016-04-11,102.68,189.08,131.09448
2016-04-12,106.98,189.08,136.91016
2016-04-13,109.65,189.08,142.43747
2016-04-14,110.42,189.08,141.49347
2016-04-15,111.51,189.08,143.28938
2016-04-18,108.4,189.08,142.78052
2016-04-19,94.34,189.08,121.22976
2016-04-20,96.77,189.08,124.55363
2016-04-21,94.98,189.08,121.74952
2016-04-22,95.9,189.08,121.68721
2016-04-25,93.56,189.08,118.39946
2016-04-26,92.43,194.39,116.99926
2016-04-27,91.04,198.02,114.680016
2016-04-28,90.28,198.02,113.54536
2016-04-29,90.03,198.02,113.58215
2016-05-02,93.11,198.02,117.50062
2016-05-03,91.54,198.02,115.1146
2016-05-04,90.79,199.49,114.09415
2016-05-05,89.37,202.68,112.169426
2016-05-06,90.84,202.68,114.152016
2016-05-09,90.54,202.68,113.60656
2016-05-10,92.89,202.68,117.01036
2016-05-11,90.02,202.68,113.22857
2016-05-12,87.74,202.68,112.098495
2016-05-13,87.88,202.68,110.34875
2016-05-16,89.12,202.68,111.95905
2016-05-17,88.63,202.68,111.35087
2016-05-18,90.5,202.68,114.21993
2016-05-19,89.55,202.68,112.559715
2016-05-20,92.49,202.68,117.0105
2016-05-23,94.89,202.68,120.108826
2016-05-24,97.89,202.68,125.88104
2016-05-25,100.2,202.68,127.578354
2016-05-26,102.81,202.68,132.4242
2016-05-27,103.3,202.68,131.06836
2016-05-31,102.57,202.68,130.58997
2016-06-01,101.51,202.68,129.19165
2016-06-02,101.25,202.68,129.07349
2016-06-03,99.59,202.68,125.8934
2016-06-06,100.74,202.68,129.13474
2016-06-07,99.89,202.68,128.13913
2016-06-08,97.86,202.68,123.46462
2016-06-09,97.09,202.68,122.496895
2016-06-10,93.75,202.68,118.26786
2016-06-13,93.85,202.68,118.43969
2016-06-14,94.12,202.68,118.4301
2016-06-15,94.29,202.68,119.23533
2016-06-16,95.44,202.68,120.98112
2016-06-17,94.45,202.68,119.19249
2016-06-20,93.8,202.68,118.020325
2016-06-21,90.99,202.68,114.98145
2016-06-22,90.01,202.68,112.93691
2016-06-23,91.66,202.68,115.30894
2016-06-24,88.44,202.68,111.04238
2016-06-27,85.33,202.68,107.19098
2016-06-28,87.97,202.68,110.43394
2016-06-29,91.06,202.68,114.58387
2016-06-30,91.48,202.68,114.8821
2016-07-01,96.67,202.68,122.85964
2016-07-05,97.91,202.68,125.84231
2016-07-06,94.6,202.68,120.085945
2016-07-07,95.1,202.68,119.809166
2016-07-08,97.06,202.68,122.720085
2016-07-11,94.67,202.68,119.52783
2016-07-12,95.97,202.68,121.116425
2016-07-13,96.43,202.68,121.63035
2016-07-14,98.02,202.68,123.7008
2016-07-15,98.39,202.68,124.24534
2016-07-18,98.81,202.68,127.11318
2016-07-19,85.84,202.68,109.08486
2016-07-20,87.91,202.68,111.94308
2016-07-21,85.99,202.68,108.5337
2016-07-22,85.89,205.05,107.6217
2016-07-25,87.66,205.63,110.312904
2016-07-26,91.41,209.99,116.428345
2016-07-27,92.04,212.05,115.653496
2016-07-28,91.65,212.05,116.487114
2016-07-29,91.25,212.52,115.37306
2016-08-01,94.37,217.24,118.9186
2016-08-02,93.56,221.23,117.74263
2016-08-03,93.1,221.53,117.98298
2016-08-04,93.44,221.53,119.17628
2016-08-05,97.03,221.53,123.97027
2016-08-08,95.11,221.53,119.87157
2016-08-09,93.99,227.58,118.258385
2016-08-10,93.93,250.29,119.559105
2016-08-11,95.89,261.3,120.97027
2016-08-12,96.59,269.7,123.32496
2016-08-15,95.31,274.6,120.960915
2016-08-16,95.12,284.59,121.40931
2016-08-17,96.37,284.59,121.74232
2016-08-18,96.16,284.59,122.22164
2016-08-19,95.87,284.59,122.032234
2016-08-22,95.26,284.59,121.90606
2016-08-23,95.94,284.59,123.1491
2016-08-24,95.18,284.59,121.51717
2016-08-25,97.32,284.59,122.885216
2016-08-26,97.58,284.59,124.73048
2016-08-29,97.3,284.59,124.81296
2016-08-30,97.45,284.59,126.26006
2016-08-31,97.45,284.59,126.769264
2016-09-01,97.38,284.59,126.79802
2016-09-02,97.38,284.59,126.77476
2016-09-06,100.09,284.59,128.26944
2016-09-07,99.15,284.59,128.50569
2016-09-08,99.66,284.59,129.77916
2016-09-09,96.5,284.59,124.08226
2016-09-12,99.05,285.93,127.542564
2016-09-13,96.09,294.16,123.37397
2016-09-14,97.01,294.16,124.05358
2016-09-15,97.34,294.16,126.44257
2016-09-16,99.48,294.16,127.22576
2016-09-19,98.06,301.05,125.527794
2016-09-20,98.25,315.0,127.891624
2016-09-21,94.88,325.22,122.24688
2016-09-22,95.83,325.22,122.85229
2016-09-23,95.94,325.22,124.058876
2016-09-26,94.56,331.44,121.73931
2016-09-27,97.07,331.44,124.01353
2016-09-28,97.48,331.44,125.58633
2016-09-29,96.67,331.44,125.083855
2016-09-30,98.55,331.44,126.07067
2016-10-03,102.63,331.44,132.75186
2016-10-04,102.34,331.44,132.01344
2016-10-05,106.28,331.44,137.77762
2016-10-06,105.07,331.44,137.06537
2016-10-07,104.82,331.44,135.41629
2016-10-10,103.33,331.44,134.48135
2016-10-11,100.59,331.44,128.99089
2016-10-12,99.5,331.44,128.37376
2016-10-13,100.23,331.44,128.88344
2016-10-14,101.47,331.44,130.08162
2016-10-17,99.8,331.44,129.38385
2016-10-18,118.79,331.44,157.6258
2016-10-19,121.87,331.44,162.479
2016-10-20,123.35,331.44,163.43198
2016-10-21,127.5,331.44,170.8362
2016-10-24,127.33,331.44,170.03755
2016-10-25,126.51,331.44,169.05087
2016-10-26,126.97,331.44,169.66013
2016-10-27,126.47,331.44,169.30746
2016-10-28,126.57,331.44,169.4424
2016-10-31,124.87,331.44,166.88683
2016-11-01,123.3,336.06,164.38737
2016-11-02,122.34,336.06,163.25037
2016-11-03,122.14,336.06,162.91667
2016-11-04,122.03,336.06,162.74402
2016-11-07,124.58,336.06,166.58913
2016-11-08,124.34,336.06,166.37302
2016-11-09,122.19,336.06,162.49579
2016-11-10,115.42,336.06,151.72668
2016-11-11,114.78,336.06,149.60925
2016-11-14,113.38,336.06,147.62073
2016-11-15,113.59,336.06,149.23166
2016-11-16,115.19,336.06,152.16533
2016-11-17,115.03,336.06,151.84769
2016-11-18,115.21,336.06,151.95956
2016-11-21,117.96,336.06,156.11548
2016-11-22,118.04,336.06,156.25653
2016-11-23,117.69,336.06,156.14624
2016-11-25,117.41,336.06,155.78333
2016-11-28,116.93,336.06,154.89171
2016-11-29,117.51,336.06,156.47354
2016-11-30,117.0,336.06,155.59866
2016-12-01,117.22,336.06,155.68771
2016-12-02,120.81,336.06,160.94788
2016-12-05,119.16,336.06,158.82004
2016-12-06,124.57,336.06,166.25125
2016-12-07,125.39,336.06,167.95233
2016-12-08,123.24,344.72,164.5547
2016-12-09,122.88,349.29,164.6096
2016-12-12,122.83,351.29,164.47379
2016-12-13,123.78,351.29,165.97342
2016-12-14,123.44,353.54,165.41927
2016-12-15,125.0,353.54,167.52866
2016-12-16,124.22,359.93,166.28018
2016-12-19,125.45,361.81,168.39941
2016-12-20,125.12,365.8,167.83438
2016-12-21,126.5,367.45,169.90479
2016-12-22,125.58,367.45,168.53102
2016-12-23,125.59,367.45,168.03711
2016-12-27,128.35,367.45,172.68642
2016-12-28,125.89,367.45,169.00809
2016-12-29,125.33,379.93,168.00754
2016-12-30,123.8,392.87,165.94952
2017-01-03,127.49,392.87,170.73196
2017-01-04,129.41,392.87,173.9494
2017-01-05,131.81,404.98,177.08415
2017-01-06,131.07,416.76,175.95576
2017-01-09,130.95,416.76,176.53444
2017-01-10,129.89,416.76,174.92862
2017-01-11,130.5,416.76,175.84906
2017-01-12,129.18,416.76,173.88284
2017-01-13,133.7,416.76,180.08841
2017-01-17,132.89,416.76,178.90372
2017-01-18,133.26,416.76,180.0345
2017-01-19,138.41,416.76,188.99551
2017-01-20,138.6,416.76,187.94208
2017-01-23,137.39,416.76,186.31607
2017-01-24,140.11,416.76,190.51834
2017-01-25,139.52,418.97,189.61447
2017-01-26,138.96,418.97,188.6413
2017-01-27,142.45,418.97,194.0904
2017-01-30,141.22,418.97,192.19629
2017-01-31,140.71,418.97,190.94171
2017-02-01,140.78,418.97,191.44482
2017-02-02,139.2,418.97,188.7081
2017-02-03,140.25,418.97,190.25545
2017-02-06,140.97,418.97,191.31427
2017-02-07,144.0,418.97,196.47751
2017-02-08,144.74,418.97,197.6641
2017-02-09,144.14,418.97,196.23825
2017-02-10,144.82,418.97,197.6944
2017-02-13,143.2,418.97,194.82848
2017-02-14,140.82,418.97,191.54758
2017-02-15,142.27,418.97,193.54083
2017-02-16,142.01,418.97,192.63205
2017-02-17,142.22,418.97,193.263
2017-02-21,142.6,418.97,193.7561
2017-02-22,143.86,418.97,195.63293
2017-02-23,142.78,418.97,194.14618
2017-02-24,143.25,418.97,194.68661
2017-02-27,143.41,418.97,195.0293
2017-02-28,142.13,418.97,191.68979
2017-03-01,142.65,418.97,192.23169
2017-03-02,139.53,418.97,190.08667
2017-03-03,139.14,418.97,189.3117
2017-03-06,141.94,418.97,193.85103
2017-03-07,141.43,418.97,192.28394
2017-03-08,140.32,418.97,190.57498
2017-03-09,140.53,418.97,190.54744
2017-03-10,140.89,418.97,191.19547
2017-03-13,143.52,418.97,195.63748
2017-03-14,143.19,418.97,195.05533
2017-03-15,145.25,418.97,198.5795
2017-03-16,144.39,418.97,197.05634
2017-03-17,145.11,418.97,198.44022
2017-03-20,145.83,418.97,198.58734
2017-03-21,142.42,418.97,194.66055
2017-03-22,142.65,418.97,194.8045
2017-03-23,141.84,418.97,192.67932
2017-03-24,142.02,418.97,192.92052
2017-03-27,144.06,418.97,196.38472
2017-03-28,145.17,418.97,197.9831
2017-03-29,146.47,418.97,199.61461
2017-03-30,148.06,418.97,202.18639
2017-03-31,147.81,418.97,201.59772
2017-04-03,146.92,418.97,200.54704
2017-04-04,145.5,418.97,198.33995
2017-04-05,143.62,418.97,195.65402
2017-04-06,143.74,418.97,195.42712
2017-04-07,143.11,418.97,194.44019
2017-04-10,143.85,418.97,196.41998
2017-04-11,144.35,418.97,196.74127
2017-04-12,143.83,418.97,195.879
2017-04-13,142.92,418.97,194.26492
2017-04-17,147.25,418.97,203.1299
2017-04-18,143.36,418.97,198.27771
2017-04-19,139.76,418.97,190.90717
2017-04-20,141.18,418.97,192.71906
2017-04-21,142.87,418.97,195.16956
2017-04-24,143.83,418.97,196.03104
2017-04-25,152.16,418.97,211.8042
2017-04-26,150.17,418.97,206.39905
2017-04-27,153.08,418.97,210.62769
2017-04-28,152.2,418.97,209.07263
2017-05-01,155.35,418.97,214.28328
2017-05-02,156.45,418.97,215.0213
2017-05-03,155.59,418.97,213.4097
2017-05-04,157.25,418.97,216.35402
2017-05-05,156.6,418.97,215.3648
2017-05-08,156.38,418.97,214.84422
2017-05-09,157.46,418.97,216.25067
2017-05-10,160.28,418.97,221.32198
2017-05-11,158.54,418.97,218.36292
2017-05-12,160.81,418.97,221.61607
2017-05-15,160.02,418.97,220.3778
2017-05-16,159.41,418.97,219.06696
2017-05-17,153.2,418.97,210.87637
2017-05-18,155.7,418.97,214.331
2017-05-19,157.02,418.97,215.62773
2017-05-22,157.16,418.97,215.7514
2017-05-23,157.95,418.97,216.84502
2017-05-24,157.75,418.97,216.44238
2017-05-25,163.05,418.97,225.7765
2017-05-26,162.43,418.97,224.00165
2017-05-30,163.22,418.97,224.2593
2017-05-31,163.07,418.97,224.22876
2017-06-01,162.99,418.97,223.47559
2017-06-02,165.18,418.97,226.90726
2017-06-05,165.06,418.97,226.52937
2017-06-06,165.17,418.97,226.948
2017-06-07,165.61,418.97,227.17006
2017-06-08,165.88,418.97,227.69766
2017-06-09,158.03,418.97,217.82555
2017-06-12,151.44,418.97,207.92178
2017-06-13,152.72,418.97,209.57603
2017-06-14,152.2,418.97,208.28702
2017-06-15,151.76,418.97,207.83856
2017-06-16,152.38,418.97,208.69202
2017-06-19,153.4,418.97,210.12387
2017-06-20,152.05,418.97,207.53564
2017-06-21,155.03,418.97,212.33708
2017-06-22,154.89,418.97,211.37494
2017-06-23,158.02,418.97,216.9342
2017-06-26,157.5,418.97,216.10599
2017-06-27,151.03,418.97,206.8841
2017-06-28,153.41,418.97,209.81256
2017-06-29,150.09,418.97,205.3743
2017-06-30,149.41,418.97,203.65442
2017-07-03,146.17,418.97,198.3479
2017-07-05,147.61,418.97,200.70737
2017-07-06,146.25,418.97,198.93587
2017-07-07,150.18,418.97,204.92484
2017-07-10,152.67,418.97,208.53531
2017-07-11,154.33,418.97,210.92912
2017-07-12,158.75,418.97,218.64479
2017-07-13,158.21,418.97,217.39781
2017-07-14,161.12,418.97,221.33298
2017-07-17,161.7,418.97,223.66953
2017-07-18,183.6,418.97,259.71048
2017-07-19,183.86,418.97,257.54825
2017-07-20,183.6,418.97,255.84612
2017-07-21,188.54,418.97,263.77646
2017-07-24,187.91,418.97,262.67126
2017-07-25,186.97,418.97,259.79797
2017-07-26,189.08,418.97,262.4618
2017-07-27,182.68,418.97,255.14578
2017-07-28,184.04,418.97,255.81046
2017-07-31,181.66,418.97,251.63449
2017-08-01,182.03,418.97,252.29659
2017-08-02,180.74,418.97,250.70113
2017-08-03,179.23,418.97,247.93533
2017-08-04,180.27,418.97,249.40121
2017-08-07,181.33,418.97,250.98685
2017-08-08,178.36,418.97,246.75275
2017-08-09,175.78,418.97,244.5334
2017-08-10,169.14,418.97,234.49478
2017-08-11,171.4,418.97,236.4816
2017-08-14,171.0,418.97,236.85173
2017-08-15,168.5,418.97,232.39542
2017-08-16,169.98,418.97,235.16008
2017-08-17,166.09,418.97,228.67198
2017-08-18,166.54,418.97,230.1505
2017-08-21,166.76,418.97,230.11237
2017-08-22,169.34,418.97,233.367
2017-08-23,169.06,418.97,232.84143
2017-08-24,168.13,418.97,231.75494
2017-08-25,165.95,418.97,227.93814
2017-08-28,167.12,418.97,229.50583
2017-08-29,168.81,418.97,229.27106
2017-08-30,174.69,418.97,239.46722
2017-08-31,174.71,418.97,239.09604
2017-09-01,174.74,418.97,237.94844
2017-09-05,174.52,418.97,237.90227
2017-09-06,179.25,418.97,246.57889
2017-09-07,179.0,418.97,245.15604
2017-09-08,176.42,418.97,240.77164
2017-09-11,181.74,418.97,249.29382
2017-09-12,185.15,418.97,254.68332
2017-09-13,183.64,418.97,251.54352
2017-09-14,182.63,418.97,250.10027
2017-09-15,182.35,418.97,250.03807
2017-09-18,184.62,418.97,253.3999
2017-09-19,185.68,418.97,254.84018
2017-09-20,185.51,418.97,254.40099
2017-09-21,188.78,418.97,260.33087
2017-09-22,187.35,418.97,257.51474
2017-09-25,178.55,418.97,245.7034
2017-09-26,179.38,418.97,245.59912
2017-09-27,181.97,418.97,249.29272
2017-09-28,180.7,418.97,247.05289
2017-09-29,181.35,418.97,248.08098
2017-10-02,177.01,418.97,242.7505
2017-10-03,179.19,418.97,244.68108
2017-10-04,184.45,418.97,254.55582
2017-10-05,194.39,418.97,273.52194
2017-10-06,198.02,418.97,277.58847
2017-10-09,196.87,418.97,272.2692
2017-10-10,195.08,418.97,269.314
2017-10-11,194.95,418.97,268.87418
2017-10-12,195.86,418.97,271.1645
2017-10-13,199.49,418.97,278.03812
2017-10-16,202.68,418.97,285.78528
2017-10-17,199.48,418.97,283.21405
2017-10-18,195.54,418.97,271.8744
2017-10-19,195.13,418.97,269.70963
2017-10-20,194.16,418.97,267.83572
2017-10-23,192.47,418.97,265.71896
2017-10-24,196.02,418.97,271.02924
2017-10-25,193.77,418.97,266.99194
2017-10-26,195.21,418.97,269.09033
2017-10-27,199.54,418.97,276.83768
2017-10-30,198.37,418.97,273.9261
2017-10-31,196.43,418.97,271.04126
2017-11-01,198.0,418.97,273.2078
2017-11-02,199.32,418.97,274.64154
2017-11-03,200.01,418.97,275.69113
2017-11-06,200.13,418.97,276.71585
2017-11-07,195.89,418.97,270.6135
2017-11-08,196.44,418.97,270.59094
2017-11-09,193.9,418.97,267.4216
2017-11-10,192.02,418.97,264.91437
2017-11-13,195.08,418.97,268.70126
2017-11-14,195.71,418.97,269.18787
2017-11-15,192.12,418.97,264.11526
2017-11-16,195.51,418.97,269.7526
2017-11-17,193.2,418.97,265.56857
2017-11-20,194.1,418.97,266.90143
2017-11-21,196.23,418.97,270.41736
2017-11-22,196.32,418.97,271.04837
2017-11-24,195.75,418.97,269.0467
2017-11-27,195.05,418.97,268.15515
2017-11-28,199.18,418.97,275.72763
2017-11-29,188.15,418.97,259.2409
2017-11-30,187.58,418.97,255.13559
2017-12-01,186.82,418.97,253.88953
2017-12-04,184.04,418.97,250.58185
2017-12-05,184.21,418.97,249.80197
2017-12-06,185.3,418.97,251.30112
2017-12-07,185.2,418.97,250.98717
2017-12-08,188.54,418.97,256.0757
2017-12-11,186.22,418.97,252.70998
2017-12-12,185.73,418.97,251.62799
2017-12-13,187.86,418.97,254.97495
2017-12-14,189.56,418.97,258.40048
2017-12-15,190.12,418.97,259.05392
2017-12-18,190.42,418.97,258.87845
2017-12-19,187.02,418.97,254.27359
2017-12-20,188.82,418.97,256.77377
2017-12-21,188.62,418.97,255.6984
2017-12-22,189.94,418.97,257.7428
2017-12-26,187.76,418.97,254.24571
2017-12-27,186.24,418.97,252.31226
2017-12-28,192.71,418.97,264.0405
2017-12-29,191.96,418.97,261.24063
2018-01-02,201.07,418.97,276.82092
2018-01-03,205.05,418.97,281.74698
2018-01-04,205.63,418.97,281.80197
2018-01-05,209.99,418.97,288.60815
2018-01-08,212.05,418.97,291.14865
2018-01-09,209.31,418.97,287.17947
2018-01-10,212.52,418.97,291.94385
2018-01-11,217.24,418.97,299.35596
2018-01-12,221.23,418.97,305.71414
2018-01-16,221.53,418.97,306.90585
2018-01-17,217.5,418.97,300.45438
2018-01-18,220.33,418.97,304.36304
2018-01-19,220.46,418.97,305.27792
2018-01-22,227.58,418.97,317.49942
2018-01-23,250.29,418.97,356.1363
2018-01-24,261.3,418.97,370.12106
2018-01-25,269.7,418.97,381.45297
2018-01-26,274.6,418.97,385.7611
2018-01-29,284.59,418.97,404.9858
2018-01-30,278.8,418.97,392.42447
2018-01-31,270.3,418.97,379.53317
2018-02-01,265.07,418.97,371.13126
2018-02-02,267.43,418.97,374.44876
2018-02-05,254.26,418.97,355.76166
2018-02-06,265.72,418.97,373.2134
2018-02-07,264.56,418.97,370.09384
2018-02-08,250.1,418.97,348.68076
2018-02-09,249.47,418.97,352.05554
2018-02-12,257.95,418.97,360.21988
2018-02-13,258.27,418.97,360.0878
2018-02-14,266.0,418.97,373.02383
2018-02-15,280.27,418.97,394.0831
2018-02-16,278.52,418.97,390.6097
2018-02-20,278.55,418.97,390.4639
2018-02-21,281.04,418.97,394.72342
2018-02-22,278.14,418.97,390.24216
2018-02-23,285.93,418.97,401.2277
2018-02-26,294.16,418.97,414.48148
2018-02-27,290.61,418.97,408.8608
2018-02-28,291.38,418.97,409.3699
2018-03-01,290.39,418.97,410.24725
2018-03-02,301.05,418.97,426.70413
2018-03-05,315.0,418.97,450.2897
2018-03-06,325.22,418.97,465.39005
2018-03-07,321.16,418.97,458.63876
2018-03-08,317.0,418.97,449.99283
2018-03-09,331.44,418.97,472.4202
2018-03-12,321.3,418.97,460.08978
2018-03-13,315.88,418.97,448.66833
2018-03-14,321.55,418.97,456.47968
2018-03-15,321.09,418.97,454.59033
2018-03-16,318.45,418.97,451.02017
2018-03-19,313.48,418.97,444.38007
2018-03-20,317.5,418.97,449.3196
2018-03-21,316.48,418.97,447.69125
2018-03-22,306.7,418.97,433.77603
2018-03-23,300.94,418.97,425.57602
2018-03-26,320.35,418.97,455.07712
2018-03-27,300.69,418.97,425.70377
2018-03-28,285.77,418.97,406.60202
2018-03-29,295.35,418.97,420.98257
2018-04-02,280.29,418.97,395.72232
2018-04-03,283.67,418.97,400.45303
2018-04-04,288.94,418.97,408.41483
2018-04-05,293.97,418.97,415.58945
2018-04-06,288.85,418.97,407.94894
2018-04-09,289.93,418.97,409.36032
2018-04-10,298.07,418.97,421.70267
2018-04-11,303.67,418.97,431.29575
2018-04-12,309.25,418.97,438.1924
2018-04-13,311.65,418.97,442.07663
2018-04-16,307.78,418.97,439.9559
2018-04-17,336.06,418.97,483.21832
2018-04-18,334.52,418.97,476.02304
2018-04-19,332.7,418.97,472.5355
2018-04-20,327.77,418.97,465.41446
2018-04-23,318.69,418.97,451.86887
2018-04-24,307.02,418.97,435.81644
2018-04-25,305.76,418.97,434.43127
2018-04-26,313.98,418.97,444.95056
2018-04-27,311.76,418.97,441.03952
2018-04-30,312.46,418.97,441.80142
2018-05-01,313.3,418.97,443.04556
2018-05-02,313.36,418.97,443.0949
2018-05-03,311.69,418.97,440.67065
2018-05-04,320.09,418.97,453.73648
2018-05-07,326.26,418.97,462.59512
2018-05-08,326.89,418.97,463.14932
2018-05-09,330.3,418.97,468.3511
2018-05-10,329.6,418.97,467.25882
2018-05-11,326.46,418.97,462.48752
2018-05-14,328.53,418.97,465.46695
2018-05-15,326.13,418.97,462.0262
2018-05-16,328.19,418.97,464.89307
2018-05-17,325.22,418.97,460.69272
2018-05-18,324.18,418.97,458.9418
2018-05-21,331.82,418.97,470.7389
2018-05-22,331.62,418.97,470.35873
2018-05-23,344.72,418.97,490.8463
2018-05-24,349.29,418.97,499.22382
2018-05-25,351.29,418.97,499.8638
2018-05-29,349.73,418.97,498.19498
2018-05-30,353.54,418.97,497.17014
2018-05-31,351.6,418.97,494.7529
2018-06-01,359.93,418.97,506.9941
2018-06-04,361.81,418.97,509.96494
2018-06-05,365.8,418.97,516.05927
2018-06-06,367.45,418.97,518.2136
2018-06-07,361.4,418.97,509.60178
2018-06-08,360.57,418.97,507.3068
2018-06-11,361.45,418.97,508.33438
2018-06-12,363.83,418.97,511.77438
2018-06-13,379.93,418.97,541.8445
2018-06-14,392.87,418.97,559.0779
2018-06-15,391.98,418.97,557.19995
2018-06-18,390.4,418.97,551.47925
2018-06-19,404.98,418.97,577.9397
2018-06-20,416.76,418.97,595.1522
2018-06-21,415.44,418.97,594.095
2018-06-22,411.09,418.97,583.5251
2018-06-25,384.48,418.97,550.4796
2018-06-26,399.39,418.97,568.9866
2018-06-27,390.39,418.97,556.431
2018-06-28,395.42,418.97,561.493
2018-06-29,391.43,418.97,554.11255
2018-07-02,398.18,418.97,563.2713
2018-07-03,390.52,418.97,551.1253
2018-07-05,398.39,418.97,563.679
2018-07-06,408.25,418.97,578.1638
2018-07-09,418.97,418.65,595.1731
2018-07-10,415.63,418.65,589.49786
2018-07-11,418.65,413.5,593.9504
2018-07-12,413.5,400.48,588.29407
2018-07-13,395.8,400.48,563.9834
2018-07-16,400.48,385.03,574.1726
2018-07-17,379.48,385.03,543.37335
2018-07-18,375.13,385.03,536.3772
2018-07-19,364.23,385.03,518.12286
2018-07-20,361.05,385.03,512.6288
2018-07-23,362.66,385.03,513.04395
2018-07-24,357.32,385.03,505.8596
2018-07-25,362.87,385.03,511.8076
2018-07-26,363.09,385.03,511.5512
2018-07-27,355.21,385.03,500.8894
2018-07-30,334.96,385.03,475.525
2018-07-31,337.45,385.03,477.38474
2018-08-01,338.38,385.03,475.6674
2018-08-02,344.5,385.03,484.4421
2018-08-03,343.09,385.03,483.0503
2018-08-06,350.92,385.03,494.18433
2018-08-07,351.83,385.03,495.45087
2018-08-08,347.61,385.03,488.37625
2018-08-09,349.36,385.03,490.7463
2018-08-10,345.87,385.03,485.48053
2018-08-13,341.31,385.03,479.6888
2018-08-14,337.49,385.03,473.69766
2018-08-15,326.4,385.03,459.94998
2018-08-16,322.44,385.03,451.95285
2018-08-17,316.78,385.03,445.16995
2018-08-20,327.73,385.03,462.76688
2018-08-21,338.02,385.03,478.6284
2018-08-22,344.44,385.03,485.07126
2018-08-23,339.17,385.03,478.48285
2018-08-24,358.82,385.03,509.13983
2018-08-27,364.58,385.03,518.8925
2018-08-28,368.49,385.03,520.5122
2018-08-29,368.04,385.03,519.2246
2018-08-30,370.98,385.03,523.67413
2018-08-31,367.68,385.03,518.6877
2018-09-04,363.6,387.78,512.71625
2018-09-05,341.18,387.78,480.71024
2018-09-06,346.46,387.78,488.45865
2018-09-07,348.68,387.78,490.95102
2018-09-10,348.41,387.78,490.506
2018-09-11,355.93,387.78,501.44662
2018-09-12,369.95,387.78,521.9957
2018-09-13,368.15,387.78,519.3696
2018-09-14,364.56,387.78,514.0393
2018-09-17,350.35,387.78,493.36176
2018-09-18,367.65,387.78,518.61816
2018-09-19,366.96,387.78,518.1277
2018-09-20,365.36,387.78,515.22455
2018-09-21,361.19,387.78,509.7322
2018-09-24,369.61,387.78,521.4292
2018-09-25,369.43,387.78,521.1603
2018-09-26,377.88,387.78,534.72943
2018-09-27,380.71,387.78,537.64087
2018-09-28,374.13,387.78,528.03375
2018-10-01,381.43,387.78,538.69666
2018-10-02,377.14,387.78,532.4286
2018-10-03,377.05,387.78,532.1844
2018-10-04,363.65,387.78,512.74506
2018-10-05,351.35,387.78,495.7664
2018-10-08,349.1,387.78,492.11758
2018-10-09,355.71,387.78,501.19962
2018-10-10,325.89,387.78,459.59464
2018-10-11,321.1,387.78,452.18063
2018-10-12,339.56,387.78,478.87994
2018-10-15,333.13,387.78,468.29727
2018-10-16,346.4,387.78,490.61407
2018-10-17,364.7,387.78,518.30505
2018-10-18,346.71,387.78,490.61362
2018-10-19,332.67,387.78,469.3936
2018-10-22,329.54,387.78,464.92648
2018-10-23,333.16,387.78,469.49207
2018-10-24,301.83,387.78,424.9636
2018-10-25,312.87,387.78,439.15225
2018-10-26,299.83,396.72,422.20895
2018-10-29,284.84,413.55,400.33585
2018-10-30,285.81,426.75,401.94186
2018-10-31,301.78,439.17,425.21338
2018-11-01,317.38,439.17,446.3864
2018-11-02,309.1,439.17,433.63388
2018-11-05,315.44,439.17,442.02188
2018-11-06,310.84,439.17,435.337
2018-11-07,327.5,439.17,460.65036
2018-11-08,317.92,439.17,445.88095
2018-11-09,303.47,439.17,425.3891
2018-11-12,294.07,439.17,410.7863
2018-11-13,294.4,439.17,411.66074
2018-11-14,286.73,439.17,401.95236
2018-11-15,290.06,439.17,404.7795
2018-11-16,286.21,439.17,399.23196
2018-11-19,270.6,439.17,376.9261
2018-11-20,266.98,439.17,372.91556
2018-11-21,262.13,439.17,363.84543
2018-11-23,258.82,439.17,359.1162
2018-11-26,261.43,440.52,363.28
2018-11-27,266.63,440.52,370.50153
2018-11-28,282.65,440.52,395.25314
2018-11-29,288.75,441.95,395.87622
2018-11-30,286.13,454.19,390.81985
2018-12-03,290.3,454.19,397.7088
2018-12-04,275.33,454.19,375.26205
2018-12-06,282.88,454.19,386.452
2018-12-07,265.14,454.19,360.16943
2018-12-10,269.7,454.19,365.9097
2018-12-11,265.32,454.19,359.5505
2018-12-12,274.88,454.19,374.14804
2018-12-13,276.02,454.19,374.7291
2018-12-14,266.84,454.19,361.8095
2018-12-17,262.8,454.19,355.77533
2018-12-18,270.94,454.19,367.98337
2018-12-19,266.77,454.19,363.0204
2018-12-20,260.58,454.19,355.0711
2018-12-21,246.39,454.19,335.95798
2018-12-24,233.88,454.19,313.21344
2018-12-26,253.67,454.19,344.0199
2018-12-27,255.56,454.19,346.00577
2018-12-28,256.08,454.19,346.35013
2018-12-31,267.66,454.19,364.20694
2019-01-02,267.66,454.19,363.59085
2019-01-03,271.2,454.19,369.93744
2019-01-04,297.57,454.19,410.3298
2019-01-07,315.34,454.19,436.07993
2019-01-08,320.27,454.19,442.14767
2019-01-09,319.96,468.04,440.97385
2019-01-10,324.66,468.04,447.88034
2019-01-11,337.59,468.04,469.00925
2019-01-14,332.94,468.04,458.87842
2019-01-15,354.64,468.04,494.56458
2019-01-16,351.39,468.04,487.5849
2019-01-17,353.19,468.04,491.49338
2019-01-18,339.1,485.64,472.73563
2019-01-22,325.16,485.64,450.2073
2019-01-23,321.99,493.81,443.98654
2019-01-24,326.67,493.81,449.95908
2019-01-25,338.05,502.78,466.57892
2019-01-28,335.66,507.76,462.17322
2019-01-29,328.9,548.73,451.95096
2019-01-30,340.66,548.73,469.68222
2019-01-31,339.5,548.73,467.73425
2019-02-01,339.85,548.73,468.71677
2019-02-04,351.34,548.73,485.19937
2019-02-05,355.81,548.73,491.68405
2019-02-06,352.19,548.73,485.68893
2019-02-07,344.71,548.73,475.0484
2019-02-08,347.57,548.73,479.12506
2019-02-11,345.73,548.73,476.2728
2019-02-12,359.97,548.73,498.28702
2019-02-13,351.77,548.73,486.37735
2019-02-14,359.07,548.73,496.5079
2019-02-15,356.87,548.73,493.29562
2019-02-19,361.92,548.73,499.8467
2019-02-20,359.91,548.73,497.2266
2019-02-21,356.97,548.73,492.5321
2019-02-22,363.02,548.73,501.39478
2019-02-25,363.91,548.73,502.74753
2019-02-26,364.97,548.73,504.0071
2019-02-27,362.87,548.73,501.01047
2019-02-28,358.1,548.73,494.15997
2019-03-01,357.32,548.73,494.24832
2019-03-04,351.04,548.73,486.07837
2019-03-05,354.3,548.73,490.09152
2019-03-06,359.61,548.73,497.9578
2019-03-07,352.6,548.73,487.7416
2019-03-08,349.6,548.73,483.74234
2019-03-11,358.86,548.73,496.40738
2019-03-12,356.27,548.73,492.52078
2019-03-13,361.21,548.73,500.39432
2019-03-14,358.82,548.73,496.28445
2019-03-15,361.46,548.73,501.59622
2019-03-18,363.44,548.73,503.94424
2019-03-19,358.78,548.73,497.32993
2019-03-20,375.22,548.73,522.59503
2019-03-21,377.87,548.73,525.4425
2019-03-22,361.01,556.55,501.03506
2019-03-25,366.23,556.55,508.5286
2019-03-26,359.97,556.55,499.10864
2019-03-27,353.37,556.55,489.61203
2019-03-28,354.61,556.55,489.74133
2019-03-29,356.56,556.55,492.68546
2019-04-01,366.96,556.55,508.96426
2019-04-02,367.72,556.55,509.1287
2019-04-03,369.75,556.55,512.199
2019-04-04,367.88,556.55,509.06393
2019-04-05,365.49,556.55,505.40286
2019-04-08,361.41,556.55,499.68137
2019-04-09,364.71,556.55,504.91367
2019-04-10,363.92,556.55,503.26657
2019-04-11,367.65,556.55,509.75137
2019-04-12,351.14,556.55,489.44287
2019-04-15,348.87,556.55,483.4661
2019-04-16,359.46,556.55,502.7956
2019-04-17,354.74,556.55,495.6393
2019-04-18,360.35,556.55,499.92856
2019-04-22,377.34,556.55,526.0969
