Date,Close_1y,max price 1year Predicted
2010-08-30,42.68,30.382175
2010-08-31,42.68,31.76033
2010-09-01,42.68,39.955
2010-09-02,42.68,36.55846
2010-09-03,42.68,36.11051
2010-09-07,42.68,35.98588
2010-09-08,42.68,38.43174
2010-09-09,42.68,35.624184
2010-09-10,42.68,34.406868
2010-09-13,42.68,35.308037
2010-09-14,42.68,34.65847
2010-09-15,42.68,34.559525
2010-09-16,42.68,34.94626
2010-09-17,42.68,33.946728
2010-09-20,42.68,37.383224
2010-09-21,42.68,36.811974
2010-09-22,42.68,43.734505
2010-09-23,42.68,44.348022
2010-09-24,42.68,44.646652
2010-09-27,42.68,42.25976
2010-09-28,42.68,40.856133
2010-09-29,42.68,46.095108
2010-09-30,42.68,44.66764
2010-10-01,42.68,43.351337
2010-10-04,42.68,42.380684
2010-10-05,42.68,40.671314
2010-10-06,42.68,41.364372
2010-10-07,42.68,36.732246
2010-10-08,42.68,35.78975
2010-10-11,42.68,37.11307
2010-10-12,42.68,36.981342
2010-10-13,42.68,36.474365
2010-10-14,42.68,35.994053
2010-10-15,42.68,36.841087
2010-10-18,42.68,35.757603
2010-10-19,42.68,35.91185
2010-10-20,42.68,43.093876
2010-10-21,42.68,46.463966
2010-10-22,42.68,44.824593
2010-10-25,42.68,39.243965
2010-10-26,42.68,47.281937
2010-10-27,42.68,47.430435
2010-10-28,42.68,41.201553
2010-10-29,42.68,43.70882
2010-11-01,42.68,40.916603
2010-11-02,42.68,42.527126
2010-11-03,42.68,40.47904
2010-11-04,42.68,42.637276
2010-11-05,42.68,38.89486
2010-11-08,42.68,40.218372
2010-11-09,42.68,42.846634
2010-11-10,42.68,43.49913
2010-11-11,42.68,41.549362
2010-11-12,42.68,41.07644
2010-11-15,42.68,40.581482
2010-11-16,42.68,39.20329
2010-11-17,42.68,38.14965
2010-11-18,42.68,38.279823
2010-11-19,42.68,39.98181
2010-11-22,42.68,49.097412
2010-11-23,42.68,47.68266
2010-11-24,42.68,44.062973
2010-11-26,42.68,43.44736
2010-11-29,42.68,54.480057
2010-11-30,42.68,56.179455
2010-12-01,42.68,55.153374
2010-12-02,42.68,53.954136
2010-12-03,42.68,52.535545
2010-12-06,42.68,53.22783
2010-12-07,42.68,52.84356
2010-12-08,42.68,53.03137
2010-12-09,42.68,52.70922
2010-12-10,42.68,53.382267
2010-12-13,42.68,51.898964
2010-12-14,42.68,51.30072
2010-12-15,42.68,49.970894
2010-12-16,42.68,48.588955
2010-12-17,42.68,51.584454
2010-12-20,42.68,47.744217
2010-12-21,42.68,50.624
2010-12-22,42.68,48.378017
2010-12-23,42.68,46.3832
2010-12-27,42.68,46.572254
2010-12-28,42.68,47.566055
2010-12-29,42.68,45.25317
2010-12-30,42.68,44.61204
2010-12-31,42.68,44.709522
2011-01-03,42.68,49.05317
2011-01-04,42.68,50.313286
2011-01-05,42.68,47.746742
2011-01-06,42.68,47.45711
2011-01-07,42.68,45.482944
2011-01-10,42.68,51.4021
2011-01-11,42.68,49.143063
2011-01-12,42.68,47.15924
2011-01-13,42.68,49.578957
2011-01-14,42.68,47.338257
2011-01-18,42.68,47.57229
2011-01-19,42.68,47.678146
2011-01-20,42.68,49.865055
2011-01-21,42.68,46.606564
2011-01-24,42.68,47.46065
2011-01-25,42.68,46.80861
2011-01-26,42.68,52.02782
2011-01-27,42.68,56.9783
2011-01-28,42.68,58.23596
2011-01-31,42.68,55.55751
2011-02-01,42.68,53.193996
2011-02-02,42.68,53.768486
2011-02-03,42.68,51.619415
2011-02-04,42.68,57.175682
2011-02-07,42.68,53.49318
2011-02-08,42.68,52.098244
2011-02-09,42.68,54.88046
2011-02-10,42.68,53.89641
2011-02-11,42.68,59.555
2011-02-14,42.68,63.56251
2011-02-15,42.68,61.61126
2011-02-16,42.68,60.593533
2011-02-17,42.68,59.216427
2011-02-18,42.68,57.92637
2011-02-22,42.68,58.87193
2011-02-23,42.68,57.022697
2011-02-24,42.68,54.15483
2011-02-25,42.68,53.267056
2011-02-28,42.68,54.110573
2011-03-01,42.68,51.236416
2011-03-02,42.68,50.122723
2011-03-03,42.68,50.324226
2011-03-04,42.68,52.815006
2011-03-07,42.68,51.291325
2011-03-08,42.68,51.760147
2011-03-09,42.68,50.929466
2011-03-10,42.68,52.465527
2011-03-11,42.68,50.626854
2011-03-14,42.68,49.15339
2011-03-15,42.68,55.48123
2011-03-16,42.68,54.8801
2011-03-17,42.68,51.121147
2011-03-18,42.68,51.81331
2011-03-21,42.68,51.508446
2011-03-22,42.68,55.112022
2011-03-23,42.68,57.658207
2011-03-24,42.68,56.12365
2011-03-25,42.68,54.171413
2011-03-28,42.68,58.963425
2011-03-29,42.68,55.0861
2011-03-30,42.68,55.21518
2011-03-31,42.68,54.99867
2011-04-01,42.68,57.625374
2011-04-04,42.68,56.20602
2011-04-05,42.68,56.407154
2011-04-06,42.68,57.665756
2011-04-07,42.68,56.79497
2011-04-08,42.68,56.361935
2011-04-11,42.68,54.06705
2011-04-12,42.68,56.537167
2011-04-13,42.68,55.865288
2011-04-14,42.68,56.27921
2011-04-15,42.68,54.225075
2011-04-18,42.68,53.80395
2011-04-19,42.68,57.22036
2011-04-20,42.68,56.794556
2011-04-21,42.68,59.47845
2011-04-25,42.68,62.02984
2011-04-26,42.68,57.72879
2011-04-27,42.68,59.02393
2011-04-28,42.68,55.114254
2011-04-29,42.68,53.644703
2011-05-02,42.68,56.297096
2011-05-03,42.68,54.734077
2011-05-04,42.68,54.574318
2011-05-05,42.68,53.914944
2011-05-06,42.68,53.13582
2011-05-09,42.68,55.224644
2011-05-10,42.68,55.21975
2011-05-11,42.68,56.65007
2011-05-12,42.68,58.10796
2011-05-13,42.68,58.061066
2011-05-16,42.68,56.044567
2011-05-17,42.68,55.424652
2011-05-18,42.68,56.630726
2011-05-19,42.68,55.80155
2011-05-20,42.68,57.223747
2011-05-23,42.68,58.251457
2011-05-24,42.68,57.68901
2011-05-25,42.68,63.562088
2011-05-26,42.68,62.63173
2011-05-27,42.68,59.64866
2011-05-31,42.68,62.062904
2011-06-01,42.68,63.1347
2011-06-02,42.68,61.67912
2011-06-03,42.68,62.805805
2011-06-06,42.68,63.424652
2011-06-07,42.68,61.51251
2011-06-08,42.68,60.05019
2011-06-09,42.68,59.61027
2011-06-10,42.68,59.798805
2011-06-13,42.68,58.91109
2011-06-14,42.68,59.363213
2011-06-15,42.68,58.814716
2011-06-16,42.68,59.805622
2011-06-17,42.68,57.39646
2011-06-20,42.68,56.54052
2011-06-21,42.68,58.236343
2011-06-22,42.68,57.319916
2011-06-23,42.68,60.363297
2011-06-24,42.68,60.067047
2011-06-27,42.68,59.34915
2011-06-28,42.68,59.608307
2011-06-29,42.68,59.734917
2011-06-30,42.68,59.366
2011-07-01,42.68,60.919483
2011-07-05,42.68,69.60254
2011-07-06,42.68,65.561386
2011-07-07,42.68,65.018585
2011-07-08,42.68,65.029884
2011-07-11,42.68,66.20143
2011-07-12,42.68,66.21562
2011-07-13,41.04,70.49483
2011-07-14,41.04,66.22026
2011-07-15,41.04,64.205444
2011-07-18,41.04,62.820328
2011-07-19,40.22,63.502136
2011-07-20,40.22,62.56933
2011-07-21,40.22,61.792786
2011-07-22,40.22,62.00522
2011-07-25,38.49,68.163734
2011-07-26,38.49,65.59702
2011-07-27,38.09,62.70965
2011-07-28,38.0,60.74151
2011-07-29,37.63,60.268814
2011-08-01,37.14,60.060154
2011-08-02,37.14,58.905586
2011-08-03,35.18,59.45607
2011-08-04,35.18,57.847427
2011-08-05,35.18,57.893433
2011-08-08,35.18,55.003914
2011-08-09,35.18,57.056953
2011-08-10,35.18,54.25479
2011-08-11,35.18,56.237774
2011-08-12,35.18,56.117653
2011-08-15,34.15,56.995396
2011-08-16,33.75,55.194965
2011-08-17,33.75,54.559387
2011-08-18,33.75,52.835613
2011-08-19,33.75,50.20794
2011-08-22,33.75,50.292336
2011-08-23,33.75,52.515594
2011-08-24,33.75,52.01439
2011-08-25,33.75,51.472374
2011-08-26,33.75,52.593475
2011-08-29,33.75,50.935635
2011-08-30,33.57,53.61688
2011-08-31,33.32,53.02298
2011-09-01,31.25,52.24929
2011-09-02,31.25,53.645752
2011-09-06,30.86,50.521214
2011-09-07,30.17,50.21297
2011-09-08,30.01,49.31231
2011-09-09,30.01,48.539318
2011-09-12,29.82,49.50965
2011-09-13,29.82,48.751522
2011-09-14,28.06,48.67178
2011-09-15,28.06,45.471058
2011-09-16,28.06,42.480667
2011-09-19,28.06,40.05637
2011-09-20,28.06,36.836494
2011-09-21,28.06,36.459316
2011-09-22,28.06,36.459316
2011-09-23,28.06,36.66498
2011-09-26,28.06,37.37238
2011-09-27,28.06,36.202477
2011-09-28,28.06,36.116936
2011-09-29,28.06,32.822422
2011-09-30,28.06,32.84306
2011-10-03,28.06,32.84306
2011-10-04,28.06,33.086502
2011-10-05,28.06,34.339165
2011-10-06,28.06,35.33419
2011-10-07,28.06,33.850624
2011-10-10,28.06,32.475098
2011-10-11,28.06,31.789015
2011-10-12,28.06,32.923157
2011-10-13,28.06,33.71022
2011-10-14,28.06,33.314064
2011-10-17,28.06,33.924164
2011-10-18,28.06,32.46285
2011-10-19,28.06,31.96523
2011-10-20,28.06,32.83531
2011-10-21,28.06,33.691868
2011-10-24,28.06,34.129272
2011-10-25,28.06,23.865793
2011-10-26,28.06,24.452568
2011-10-27,28.06,24.895294
2011-10-28,28.06,25.984978
2011-10-31,28.06,25.300968
2011-11-01,28.06,24.960854
2011-11-02,28.06,25.662214
2011-11-03,28.06,28.139542
2011-11-04,31.0,27.640839
2011-11-07,31.0,27.499176
2011-11-08,31.0,27.846157
2011-11-09,31.0,27.508589
2011-11-10,31.0,26.236832
2011-11-11,31.0,26.999775
2011-11-14,31.0,27.438082
2011-11-15,31.0,27.602983
2011-11-16,31.0,25.24713
2011-11-17,31.0,23.624878
2011-11-18,31.0,24.20008
2011-11-21,31.0,22.954496
2011-11-22,31.0,22.253819
2011-11-23,31.1,21.396507
2011-11-25,32.77,20.333164
2011-11-28,33.42,22.143927
2011-11-29,34.77,21.682947
2011-11-30,34.77,21.306076
2011-12-01,34.77,21.878279
2011-12-02,34.77,20.390654
2011-12-05,34.77,22.522318
2011-12-06,34.77,22.076391
2011-12-07,34.77,22.926489
2011-12-08,34.77,21.626839
2011-12-09,34.77,21.917826
2011-12-12,34.77,23.675064
2011-12-13,34.77,22.957737
2011-12-14,34.77,21.78954
2011-12-15,34.77,21.70026
2011-12-16,34.77,21.609133
2011-12-19,34.77,21.078876
2011-12-20,34.77,22.137177
2011-12-21,34.77,22.112137
2011-12-22,34.77,22.92617
2011-12-23,34.77,22.7435
2011-12-27,34.77,22.192146
2011-12-28,34.77,21.712616
2011-12-29,34.77,21.586132
2011-12-30,34.77,21.809845
2012-01-03,34.77,22.216938
2012-01-04,34.77,24.541185
2012-01-05,34.77,24.276098
2012-01-06,34.77,26.009418
2012-01-09,34.77,29.519922
2012-01-10,34.77,28.73732
2012-01-11,34.77,27.594273
2012-01-12,34.77,27.594273
2012-01-13,34.77,28.283253
2012-01-17,34.77,28.391232
2012-01-18,34.77,29.636772
2012-01-19,34.77,30.903942
2012-01-20,34.77,30.19867
2012-01-23,34.77,28.153793
2012-01-24,35.34,27.45659
2012-01-25,35.34,28.499289
2012-01-26,35.34,33.293015
2012-01-27,36.75,34.7577
2012-01-30,36.85,35.07679
2012-01-31,37.21,34.07989
2012-02-01,38.27,34.609234
2012-02-02,38.27,34.3814
2012-02-03,38.27,34.92826
2012-02-06,38.27,35.79505
2012-02-07,38.27,35.54103
2012-02-08,38.27,34.705044
2012-02-09,38.27,34.559402
2012-02-10,38.27,34.691227
2012-02-13,38.27,33.723957
2012-02-14,38.27,34.622505
2012-02-15,38.27,34.223648
2012-02-16,38.27,34.013348
2012-02-17,38.27,34.30068
2012-02-21,38.27,33.553005
2012-02-22,38.27,32.609264
2012-02-23,38.27,32.337013
2012-02-24,38.27,32.56887
2012-02-27,38.27,31.665281
2012-02-28,38.27,32.375004
2012-02-29,38.27,29.930056
2012-03-01,38.27,30.54582
2012-03-02,38.27,30.903938
2012-03-05,38.27,30.917154
2012-03-06,38.27,29.41774
2012-03-07,39.04,28.801151
2012-03-08,39.04,29.082085
2012-03-09,39.04,29.528004
2012-03-12,39.77,28.958763
2012-03-13,40.39,29.362907
2012-03-14,40.39,28.568865
2012-03-15,40.48,29.57296
2012-03-16,41.12,29.752659
2012-03-19,41.12,30.94898
2012-03-20,41.29,31.647144
2012-03-21,41.78,32.213448
2012-03-22,42.16,31.812267
2012-03-23,42.16,32.51388
2012-03-26,42.16,33.46445
2012-03-27,44.72,33.762264
2012-03-28,44.72,33.51104
2012-03-29,44.72,31.564613
2012-03-30,44.72,31.864471
2012-04-02,44.72,31.871883
2012-04-03,44.72,30.288788
2012-04-04,44.72,31.484173
2012-04-05,44.72,31.352398
2012-04-09,44.83,30.312868
2012-04-10,44.83,27.748024
2012-04-11,44.83,27.378109
2012-04-12,44.83,28.481047
2012-04-13,44.83,29.12089
2012-04-16,44.83,28.425125
2012-04-17,44.83,29.505333
2012-04-18,46.37,30.315649
2012-04-19,47.25,30.19945
2012-04-20,47.25,30.612682
2012-04-23,47.25,27.898514
2012-04-24,47.25,24.861853
2012-04-25,47.25,24.592701
2012-04-26,47.25,24.304325
2012-04-27,47.25,23.485558
2012-04-30,47.25,23.264559
2012-05-01,47.25,23.188766
2012-05-02,47.25,23.758413
2012-05-03,47.25,22.403908
2012-05-04,47.25,21.836086
2012-05-07,47.64,21.58159
2012-05-08,50.71,21.508429
2012-05-09,50.71,21.886002
2012-05-10,50.71,21.450577
2012-05-11,50.71,22.690207
2012-05-14,50.71,21.941902
2012-05-15,50.71,22.357473
2012-05-16,50.71,21.338427
2012-05-17,50.71,21.383444
2012-05-18,50.71,20.69418
2012-05-21,50.71,21.316526
2012-05-22,50.71,19.856888
2012-05-23,50.71,21.04804
2012-05-24,50.71,21.101433
2012-05-25,50.71,20.504179
2012-05-29,50.71,20.360996
2012-05-30,50.71,18.74657
2012-05-31,50.71,17.726307
2012-06-01,50.71,17.42595
2012-06-04,50.71,17.969479
2012-06-05,50.71,18.650095
2012-06-06,50.71,18.562086
2012-06-07,50.71,18.79558
2012-06-08,50.71,18.956242
2012-06-11,50.71,18.361814
2012-06-12,50.71,18.493956
2012-06-13,50.71,18.628916
2012-06-14,50.74,18.043251
2012-06-15,51.78,18.340816
2012-06-18,52.26,19.101923
2012-06-19,52.26,19.628433
2012-06-20,52.26,19.263258
2012-06-21,52.26,19.220304
2012-06-22,52.26,19.580498
2012-06-25,52.26,18.851913
2012-06-26,52.26,19.472097
2012-06-27,52.26,19.421984
2012-06-28,52.26,19.59897
2012-06-29,53.33,19.57864
2012-07-02,53.33,19.753778
2012-07-03,53.33,20.151735
2012-07-05,53.55,22.001518
2012-07-06,53.75,22.048157
2012-07-09,53.82,21.838379
2012-07-10,53.82,21.913082
2012-07-11,54.37,21.499126
2012-07-12,54.37,22.504745
2012-07-13,54.37,22.69334
2012-07-16,54.37,22.631657
2012-07-17,54.37,22.47411
2012-07-18,54.37,22.271313
2012-07-19,54.37,22.774355
2012-07-20,54.37,22.401722
2012-07-23,54.37,22.081064
2012-07-24,54.37,21.695993
2012-07-25,54.37,16.960745
2012-07-26,54.37,16.192719
2012-07-27,54.37,16.443737
2012-07-30,54.37,16.793907
2012-07-31,54.37,17.468739
2012-08-01,54.37,15.758186
2012-08-02,54.37,16.506132
2012-08-03,54.37,15.522677
2012-08-06,54.37,16.68515
2012-08-07,54.37,16.745636
2012-08-08,55.53,17.662506
2012-08-09,55.53,17.703491
2012-08-10,55.53,16.780632
2012-08-13,58.11,16.92067
2012-08-14,58.11,16.948399
2012-08-15,58.11,17.92175
2012-08-16,58.48,18.926853
2012-08-17,58.48,18.536713
2012-08-20,58.48,18.37106
2012-08-21,58.48,18.851097
2012-08-22,58.48,19.108349
2012-08-23,61.43,17.945045
2012-08-24,61.49,18.150223
2012-08-27,62.0,18.529495
2012-08-28,62.0,18.699556
2012-08-29,62.36,20.348179
2012-08-30,62.36,19.585087
2012-08-31,62.41,19.441366
2012-09-04,62.41,20.4396
2012-09-05,62.41,18.67326
2012-09-06,62.41,18.945095
2012-09-07,63.86,18.74215
2012-09-10,64.72,18.484507
2012-09-11,64.72,18.903748
2012-09-12,64.72,18.717968
2012-09-13,64.72,18.934841
2012-09-14,64.72,19.71978
2012-09-17,65.0,18.99787
2012-09-18,65.0,18.619827
2012-09-19,65.0,18.96341
2012-09-20,65.0,19.409224
2012-09-21,65.0,19.02929
2012-09-24,65.0,18.55511
2012-09-25,65.0,18.738724
2012-09-26,65.0,18.61072
2012-09-27,65.0,18.366928
2012-09-28,65.0,18.430426
2012-10-01,65.0,18.621223
2012-10-02,65.0,18.559387
2012-10-03,65.0,21.9273
2012-10-04,65.0,22.82198
2012-10-05,65.0,22.806509
2012-10-08,65.0,24.251537
2012-10-09,65.0,22.574703
2012-10-10,65.0,20.870562
2012-10-11,65.0,20.665646
2012-10-12,65.0,20.31319
2012-10-15,65.0,20.40329
2012-10-16,65.0,20.836246
2012-10-17,65.0,21.281559
2012-10-18,65.0,21.05532
2012-10-19,65.0,20.490133
2012-10-22,65.0,22.351553
2012-10-23,65.0,23.177544
2012-10-24,65.0,21.379406
2012-10-25,65.0,19.941074
2012-10-26,65.0,23.44515
2012-10-31,65.0,25.476208
2012-11-01,65.0,25.155464
2012-11-02,65.0,23.010963
2012-11-05,65.0,23.250458
2012-11-06,65.0,23.168556
2012-11-07,65.0,23.162518
2012-11-08,65.0,22.910652
2012-11-09,65.0,23.080782
2012-11-12,65.0,23.078512
2012-11-13,65.0,23.466927
2012-11-14,65.0,23.501162
2012-11-15,65.0,23.63803
2012-11-16,65.0,23.76086
2012-11-19,65.0,23.765678
2012-11-20,65.0,23.871014
2012-11-21,65.0,24.35061
2012-11-23,65.0,24.52005
2012-11-26,65.0,23.954842
2012-11-27,65.0,23.993656
2012-11-28,65.0,23.91228
2012-11-29,65.0,23.990818
2012-11-30,65.0,23.47654
2012-12-03,65.0,20.470232
2012-12-04,65.0,22.053314
2012-12-05,65.0,21.462053
2012-12-06,65.0,21.057922
2012-12-07,65.0,21.226955
2012-12-10,65.0,23.989878
2012-12-11,65.0,23.907606
2012-12-12,65.0,22.787128
2012-12-13,65.0,22.899708
2012-12-14,65.0,23.152832
2012-12-17,65.0,24.157972
2012-12-18,65.0,23.308563
2012-12-19,65.0,22.912802
2012-12-20,65.0,24.794437
2012-12-21,65.0,22.77362
2012-12-24,65.0,25.955389
2012-12-26,65.0,24.640522
2012-12-27,65.0,24.664042
2012-12-28,65.0,25.130089
2012-12-31,65.0,24.423946
2013-01-02,65.0,24.10846
2013-01-03,65.0,23.617908
2013-01-04,65.0,24.885609
2013-01-07,65.0,23.6469
2013-01-08,65.0,24.093151
2013-01-09,65.0,24.499481
2013-01-10,65.0,24.03565
2013-01-11,65.0,24.106236
2013-01-14,65.0,25.054024
2013-01-15,65.0,25.711008
2013-01-16,65.0,23.740849
2013-01-17,67.59,25.357948
2013-01-18,67.59,23.295082
2013-01-22,67.59,24.417072
2013-01-23,67.59,25.140804
2013-01-24,67.59,32.50476
2013-01-25,67.59,35.807198
2013-01-28,67.59,34.618843
2013-01-29,67.59,35.740005
2013-01-30,67.59,34.97086
2013-01-31,67.59,33.492775
2013-02-01,67.59,34.776733
2013-02-04,67.59,36.448097
2013-02-05,67.59,36.55172
2013-02-06,67.59,38.00117
2013-02-07,67.59,37.61709
2013-02-08,67.59,35.97041
2013-02-11,67.59,35.4539
2013-02-12,67.59,35.462463
2013-02-13,67.59,36.85578
2013-02-14,67.59,36.649174
2013-02-15,67.59,37.057755
2013-02-19,67.59,38.071888
2013-02-20,67.59,36.69461
2013-02-21,67.59,36.774963
2013-02-22,67.59,35.846394
2013-02-25,67.59,37.269264
2013-02-26,67.59,36.27123
2013-02-27,67.59,36.627323
2013-02-28,67.59,36.81832
2013-03-01,67.59,30.374464
2013-03-04,67.59,30.219149
2013-03-05,67.59,29.340466
2013-03-06,67.59,29.432081
2013-03-07,67.59,29.173786
2013-03-08,67.59,29.59361
2013-03-11,67.59,28.915516
2013-03-12,67.59,29.18782
2013-03-13,68.46,32.567078
2013-03-14,68.7,30.261648
2013-03-15,68.7,29.641914
2013-03-18,68.7,29.813013
2013-03-19,68.7,29.090767
2013-03-20,68.7,29.842009
2013-03-21,68.7,29.222183
2013-03-22,68.7,29.389793
2013-03-25,68.7,29.25795
2013-03-26,68.7,31.688467
2013-03-27,68.7,31.21983
2013-03-28,68.7,30.3846
2013-04-01,69.2,29.220943
2013-04-02,69.2,28.531687
2013-04-03,69.2,29.18481
2013-04-04,69.2,27.116777
2013-04-05,69.2,26.725851
2013-04-08,69.2,26.45996
2013-04-09,69.2,27.498848
2013-04-10,69.2,26.838964
2013-04-11,69.2,28.013649
2013-04-12,69.2,28.27135
2013-04-15,69.2,29.36416
2013-04-16,69.2,28.304396
2013-04-17,69.2,27.264599
2013-04-18,69.2,26.412785
2013-04-19,69.2,26.366226
2013-04-22,69.2,29.814865
2013-04-23,69.2,37.735374
2013-04-24,69.2,37.00254
2013-04-25,69.2,34.993866
2013-04-26,69.2,35.34849
2013-04-29,69.2,35.26901
2013-04-30,69.2,35.44713
2013-05-01,69.2,34.905006
2013-05-02,69.2,35.220703
2013-05-03,69.2,35.131634
2013-05-06,69.2,34.426613
2013-05-07,69.2,33.565464
2013-05-08,69.2,34.037457
2013-05-09,69.2,35.89112
2013-05-10,69.2,35.86516
2013-05-13,69.2,39.109543
2013-05-14,69.2,39.740555
2013-05-15,69.2,41.719307
2013-05-16,69.2,39.943027
2013-05-17,69.2,40.26138
2013-05-20,69.2,40.3832
2013-05-21,69.2,40.01089
2013-05-22,69.2,38.06242
2013-05-23,69.2,37.668095
2013-05-24,69.2,38.357403
2013-05-28,69.2,35.70519
2013-05-29,69.2,35.50815
2013-05-30,69.2,38.918148
2013-05-31,69.2,39.627186
2013-06-03,69.2,38.823483
2013-06-04,69.2,39.48257
2013-06-05,69.2,39.191998
2013-06-06,69.2,37.87858
2013-06-07,69.2,38.49645
2013-06-10,69.2,38.684807
2013-06-11,69.2,37.420284
2013-06-12,69.2,35.927326
2013-06-13,69.2,37.456554
2013-06-14,69.2,37.389038
2013-06-17,69.2,40.688423
2013-06-18,69.2,40.14813
2013-06-19,69.2,40.924446
2013-06-20,69.2,39.132195
2013-06-21,69.2,37.75288
2013-06-24,69.2,37.510864
2013-06-25,69.2,36.96337
2013-06-26,69.2,36.79681
2013-06-27,69.2,37.37688
2013-06-28,69.2,36.59941
2013-07-01,69.2,39.070984
2013-07-02,69.2,38.531303
2013-07-03,69.2,38.624092
2013-07-05,69.2,39.390793
2013-07-08,69.2,40.883915
2013-07-09,69.2,44.462772
2013-07-10,69.2,43.141644
2013-07-11,69.2,43.175087
2013-07-12,69.2,46.577404
2013-07-15,69.2,46.156136
2013-07-16,69.2,47.21569
2013-07-17,69.2,48.269257
2013-07-18,69.2,47.999966
2013-07-19,69.2,47.47595
2013-07-22,69.2,49.02739
2013-07-23,69.2,47.224823
2013-07-24,69.2,42.90935
2013-07-25,69.2,43.675934
2013-07-26,69.2,43.52581
2013-07-29,69.2,43.11754
2013-07-30,69.2,42.906044
2013-07-31,69.2,43.035263
2013-08-01,69.2,43.953415
2013-08-02,69.2,43.36177
2013-08-05,69.2,45.333984
2013-08-06,69.2,45.705254
2013-08-07,69.2,44.04646
2013-08-08,69.2,44.22957
2013-08-09,69.2,44.68039
2013-08-12,69.2,45.71566
2013-08-13,69.2,46.49663
2013-08-14,69.2,46.82546
2013-08-15,69.2,44.951046
2013-08-16,69.2,46.39141
2013-08-19,69.2,46.280285
2013-08-20,69.2,49.79489
2013-08-21,69.2,48.897987
2013-08-22,69.2,48.31604
2013-08-23,69.2,50.62074
2013-08-26,69.2,51.978367
2013-08-27,69.2,50.16037
2013-08-28,69.2,51.527992
2013-08-29,69.2,58.881794
2013-08-30,69.2,57.64757
2013-09-03,69.2,59.218987
2013-09-04,69.2,59.75357
2013-09-05,69.2,60.104424
2013-09-06,69.2,59.30855
2013-09-09,69.2,59.144775
2013-09-10,69.2,64.49486
2013-09-11,69.2,63.53072
2013-09-12,69.2,61.59571
2013-09-13,69.2,61.33395
2013-09-16,69.2,60.620674
2013-09-17,69.2,60.718887
2013-09-18,69.2,61.460297
2013-09-19,69.2,61.593872
2013-09-20,69.2,64.497025
2013-09-23,69.2,62.50064
2013-09-24,69.2,61.958687
2013-09-25,69.2,61.5709
2013-09-26,69.2,62.58847
2013-09-27,69.2,62.099316
2013-09-30,69.2,61.778732
2013-10-01,69.2,66.27865
2013-10-02,69.2,67.34653
2013-10-03,69.2,65.315155
2013-10-04,69.2,65.429504
2013-10-07,69.2,63.54006
2013-10-08,69.2,62.47298
2013-10-09,69.2,60.602184
2013-10-10,69.2,62.80313
2013-10-11,69.2,61.07249
2013-10-14,69.2,67.11348
2013-10-15,69.2,65.6167
2013-10-16,69.2,64.849884
2013-10-17,69.2,66.20249
2013-10-18,69.2,67.34122
2013-10-21,69.2,73.58475
2013-10-22,69.2,73.58475
2013-10-23,69.2,69.05006
2013-10-24,69.2,67.55994
2013-10-25,69.2,66.25757
2013-10-28,69.2,64.60427
2013-10-29,69.2,66.79264
2013-10-30,69.2,64.327255
2013-10-31,80.29,64.73841
2013-11-01,81.65,66.29371
2013-11-04,81.65,67.77323
2013-11-05,81.65,68.138145
2013-11-06,81.65,67.33214
2013-11-07,81.65,65.6784
2013-11-08,81.65,67.08826
2013-11-11,81.65,67.414795
2013-11-12,81.65,66.24703
2013-11-13,81.65,66.51801
2013-11-14,81.65,68.51612
2013-11-15,81.65,69.81901
2013-11-18,81.65,68.37247
2013-11-19,81.65,67.32292
2013-11-20,81.65,67.924934
2013-11-21,81.65,69.25837
2013-11-22,82.09,68.99385
2013-11-25,84.28,69.405914
2013-11-26,84.28,70.38137
2013-11-27,84.28,71.863106
2013-11-29,84.28,73.3978
2013-12-02,87.61,73.374466
2013-12-03,88.27,73.438324
2013-12-04,88.27,73.03561
2013-12-05,88.79,72.66235
2013-12-06,89.0,71.8375
2013-12-09,89.0,72.00042
2013-12-10,89.0,73.538704
2013-12-11,89.86,74.43787
2013-12-12,89.86,76.2354
2013-12-13,89.86,74.99438
2013-12-16,89.86,74.067024
2013-12-17,89.86,76.093575
2013-12-18,89.86,76.51217
2013-12-19,89.86,75.853615
2013-12-20,90.46,76.2851
2013-12-23,90.46,76.33641
2013-12-24,92.45,75.520966
2013-12-26,95.87,75.66254
2013-12-27,95.87,74.63287
2013-12-30,95.87,74.32695
2013-12-31,95.87,73.928345
2014-01-02,95.87,73.254845
2014-01-03,95.87,73.10067
2014-01-06,95.87,73.07113
2014-01-07,95.87,73.58428
2014-01-08,96.41,70.538414
2014-01-09,97.31,69.45017
2014-01-10,97.31,68.551704
2014-01-13,97.31,71.1415
2014-01-14,97.31,69.99299
2014-01-15,97.31,73.16813
2014-01-16,97.31,69.18933
2014-01-17,97.31,68.226074
2014-01-21,97.31,69.411606
2014-01-22,97.31,75.439575
2014-01-23,97.31,85.02177
2014-01-24,97.31,81.21009
2014-01-27,97.31,79.82762
2014-01-28,97.31,86.13459
2014-01-29,101.09,82.16609
2014-01-30,101.09,80.88003
2014-01-31,101.09,82.32345
2014-02-03,115.81,81.044525
2014-02-04,115.81,81.05323
2014-02-05,115.81,80.67525
2014-02-06,115.81,80.90246
2014-02-07,115.81,87.63692
2014-02-10,115.81,84.858284
2014-02-11,115.81,85.4652
2014-02-12,115.81,84.71225
2014-02-13,115.81,86.253586
2014-02-14,115.81,85.65484
2014-02-18,115.81,86.06856
2014-02-19,115.81,84.61113
2014-02-20,115.81,85.55541
2014-02-21,121.15,85.15029
2014-02-24,123.71,89.08837
2014-02-25,126.45,89.11552
2014-02-26,126.45,88.106926
2014-02-27,126.45,88.50764
2014-02-28,126.45,87.59355
2014-03-03,126.45,93.20133
2014-03-04,126.45,94.86501
2014-03-05,126.45,94.42297
2014-03-06,126.45,93.95043
2014-03-07,126.45,93.51226
2014-03-10,126.45,92.348526
2014-03-11,126.45,91.32686
2014-03-12,126.45,91.33372
2014-03-13,126.45,90.01886
2014-03-14,126.45,89.34061
2014-03-17,126.45,88.59308
2014-03-18,126.45,88.492256
2014-03-19,126.45,88.08915
2014-03-20,126.45,89.2493
2014-03-21,126.45,87.76029
2014-03-24,126.45,85.72538
2014-03-25,126.45,81.406044
2014-03-26,126.45,81.15184
2014-03-27,126.45,79.813705
2014-03-28,126.45,78.22693
2014-03-31,126.45,76.64999
2014-04-01,126.45,79.02062
2014-04-02,126.45,78.909485
2014-04-03,126.45,77.152
2014-04-04,126.45,76.020874
2014-04-07,126.45,76.83244
2014-04-08,126.45,76.400116
2014-04-09,126.45,76.720535
2014-04-10,126.45,73.504074
2014-04-11,126.45,72.95893
2014-04-14,126.45,72.172195
2014-04-15,126.45,73.044624
2014-04-16,126.45,71.934654
2014-04-17,126.45,76.90793
2014-04-21,126.45,81.521965
2014-04-22,126.45,87.223305
2014-04-23,126.45,80.435974
2014-04-24,126.45,76.32372
2014-04-25,126.45,72.82119
2014-04-28,126.45,74.90046
2014-04-29,126.45,70.38089
2014-04-30,126.45,70.87901
2014-05-01,126.45,76.45603
2014-05-02,126.45,74.87415
2014-05-05,126.45,74.96399
2014-05-06,126.45,71.52708
2014-05-07,126.45,70.90224
2014-05-08,126.45,70.44912
2014-05-09,126.45,71.56863
2014-05-12,126.45,75.27048
2014-05-13,126.45,75.56022
2014-05-14,126.45,76.43928
2014-05-15,126.45,75.15813
2014-05-16,126.45,75.956345
2014-05-19,126.45,79.377365
2014-05-20,126.45,81.273056
2014-05-21,126.45,87.385544
2014-05-22,126.45,86.173035
2014-05-23,126.45,86.30371
2014-05-27,126.45,86.31243
2014-05-28,126.45,85.78565
2014-05-29,126.45,88.942055
2014-05-30,126.45,84.886246
2014-06-02,126.45,86.38292
2014-06-03,126.45,85.845665
2014-06-04,126.45,86.940384
2014-06-05,126.45,87.809906
2014-06-06,126.45,88.46045
2014-06-09,126.45,86.984604
2014-06-10,126.45,87.44725
2014-06-11,126.45,88.65055
2014-06-12,126.45,86.94335
2014-06-13,126.45,87.98128
2014-06-16,126.45,88.86353
2014-06-17,126.45,90.042946
2014-06-18,126.45,91.731674
2014-06-19,126.45,90.482216
2014-06-20,126.45,90.66787
2014-06-23,128.93,90.86209
2014-06-24,128.93,89.28928
2014-06-25,130.93,91.15139
2014-06-26,130.93,90.45037
2014-06-27,130.93,90.76534
2014-06-30,130.93,91.05601
2014-07-01,130.93,95.07851
2014-07-02,130.93,95.08223
2014-07-03,130.93,96.633095
2014-07-07,130.93,93.90895
2014-07-08,130.93,90.49684
2014-07-09,130.93,90.48977
2014-07-10,130.93,89.37218
2014-07-11,130.93,90.50465
2014-07-14,130.93,92.53422
2014-07-15,130.93,92.29756
2014-07-16,130.93,91.435905
2014-07-17,130.93,90.49849
2014-07-18,130.93,91.57838
2014-07-21,130.93,91.35734
2014-07-22,130.93,89.09426
2014-07-23,130.93,87.86825
2014-07-24,130.93,87.239784
2014-07-25,130.93,87.34274
2014-07-28,130.93,87.84387
2014-07-29,130.93,88.126144
2014-07-30,130.93,89.307724
2014-07-31,130.93,87.21978
2014-08-01,130.93,87.208664
2014-08-04,130.93,87.62661
2014-08-05,130.93,87.65831
2014-08-06,130.93,88.46198
2014-08-07,130.93,91.30837
2014-08-08,130.93,91.46172
2014-08-11,130.93,92.78112
2014-08-12,130.93,92.10983
2014-08-13,130.93,93.281235
2014-08-14,130.93,93.4855
2014-08-15,130.93,93.37295
2014-08-18,130.93,95.27634
2014-08-19,130.93,95.94885
2014-08-20,130.93,96.51932
2014-08-21,130.93,96.54085
2014-08-22,130.93,97.61457
2014-08-25,130.93,97.95176
2014-08-26,130.93,98.06554
2014-08-27,130.93,97.17224
2014-08-28,130.93,97.60377
2014-08-29,130.93,97.27599
2014-09-02,130.93,97.07056
2014-09-03,130.93,97.039185
2014-09-04,130.93,96.272705
2014-09-05,130.93,96.86845
2014-09-08,130.93,97.561485
2014-09-09,130.93,97.213425
2014-09-10,130.93,98.48931
2014-09-11,130.93,97.96436
2014-09-12,130.93,96.985085
2014-09-15,130.93,92.92991
2014-09-16,130.93,92.29859
2014-09-17,130.93,92.628845
2014-09-18,130.93,93.60957
2014-09-19,130.93,93.23362
2014-09-22,130.93,90.1023
2014-09-23,130.93,90.57329
2014-09-24,130.93,92.02428
2014-09-25,130.93,90.593666
2014-09-26,130.93,91.60857
2014-09-29,130.93,91.81777
2014-09-30,130.93,91.930244
2014-10-01,130.93,89.33165
2014-10-02,130.93,91.43811
2014-10-03,130.93,93.48173
2014-10-06,130.93,94.32854
2014-10-07,130.93,92.88417
2014-10-08,130.93,94.97572
2014-10-09,130.93,93.91605
2014-10-10,130.93,91.83171
2014-10-13,130.93,88.98769
2014-10-14,130.93,91.337105
2014-10-15,130.93,91.501236
2014-10-16,130.93,76.39068
2014-10-17,130.93,75.526764
2014-10-20,130.93,72.96896
2014-10-21,130.93,73.527565
2014-10-22,130.93,75.65719
2014-10-23,130.93,77.05213
2014-10-24,130.93,77.93254
2014-10-27,130.93,76.7116
2014-10-28,130.93,78.44216
2014-10-29,130.93,76.6375
2014-10-30,130.93,77.010216
2014-10-31,130.93,79.10044
2014-11-03,130.93,78.40643
2014-11-04,130.93,77.74149
2014-11-05,130.93,77.0354
2014-11-06,130.93,78.01267
2014-11-07,130.93,78.27923
2014-11-10,130.93,78.89584
2014-11-11,130.93,77.39309
2014-11-12,130.93,78.02077
2014-11-13,130.93,77.10963
2014-11-14,130.93,78.49043
2014-11-17,130.93,77.63947
2014-11-18,130.93,77.77947
2014-11-19,130.93,72.86312
2014-11-20,130.93,74.25762
2014-11-21,130.93,72.3695
2014-11-24,130.93,71.54016
2014-11-25,130.93,70.1679
2014-11-26,130.93,71.00222
2014-11-28,130.93,70.51519
2014-12-01,130.93,74.00197
2014-12-02,130.93,76.562744
2014-12-03,130.93,77.13085
2014-12-04,130.93,75.950134
2014-12-05,130.93,75.83391
2014-12-08,130.93,73.67633
2014-12-09,130.93,75.278854
2014-12-10,130.93,72.44299
2014-12-11,130.93,72.42475
2014-12-12,130.93,72.56487
2014-12-15,130.93,70.87676
2014-12-16,130.93,69.08404
2014-12-17,130.93,73.38061
2014-12-18,130.93,72.79814
2014-12-19,130.93,73.986374
2014-12-22,130.93,72.64372
2014-12-23,130.93,72.59817
2014-12-24,130.93,73.71999
2014-12-26,130.93,73.40093
2014-12-29,130.93,73.79469
2014-12-30,130.93,74.006256
2014-12-31,130.93,73.70423
2015-01-02,130.93,75.72518
2015-01-05,130.93,72.5225
2015-01-06,130.93,70.963936
2015-01-07,130.93,70.72508
2015-01-08,130.93,72.22422
2015-01-09,130.93,71.133514
2015-01-12,130.93,69.23856
2015-01-13,130.93,70.9535
2015-01-14,130.93,71.19459
2015-01-15,130.93,70.15614
2015-01-16,130.93,74.100914
2015-01-20,130.93,80.902306
2015-01-21,130.93,96.32289
2015-01-22,130.93,95.710075
2015-01-23,130.93,95.93934
2015-01-26,130.93,96.63892
2015-01-27,130.93,98.59182
2015-01-28,130.93,96.454
2015-01-29,130.93,95.25318
2015-01-30,130.93,94.619286
2015-02-02,130.93,94.46013
2015-02-03,130.93,97.83427
2015-02-04,130.93,95.786255
2015-02-05,130.93,96.07055
2015-02-06,130.93,94.50886
2015-02-09,130.93,94.20081
2015-02-10,130.93,97.15524
2015-02-11,130.93,97.12186
2015-02-12,130.93,96.75361
2015-02-13,130.93,98.93357
2015-02-17,130.93,99.355125
2015-02-18,130.93,100.20856
2015-02-19,130.93,100.12871
2015-02-20,130.93,100.69014
2015-02-23,130.93,99.52253
2015-02-24,130.93,99.80185
2015-02-25,130.93,100.488266
2015-02-26,130.93,101.678406
2015-02-27,130.93,100.25738
2015-03-02,130.93,96.19172
2015-03-03,130.93,95.19724
2015-03-04,130.93,94.35351
2015-03-05,130.93,94.04508
2015-03-06,130.93,91.69294
2015-03-09,130.93,89.790794
2015-03-10,130.93,87.87812
2015-03-11,130.93,88.99167
2015-03-12,130.93,90.626625
2015-03-13,130.93,88.89414
2015-03-16,130.93,84.127686
2015-03-17,130.93,84.219154
2015-03-18,130.93,85.84461
2015-03-19,130.93,86.36414
2015-03-20,130.93,86.89175
2015-03-23,130.93,86.45843
2015-03-24,130.93,88.59392
2015-03-25,130.93,84.567986
2015-03-26,130.93,84.486946
2015-03-27,130.93,83.67501
2015-03-30,130.93,85.77317
2015-03-31,130.93,84.33935
2015-04-01,130.93,83.442535
2015-04-02,130.93,83.955086
2015-04-06,130.93,85.79321
2015-04-07,130.93,86.07018
2015-04-08,130.93,88.56929
2015-04-09,130.93,89.012115
2015-04-10,130.93,91.211174
2015-04-13,130.93,95.68909
2015-04-14,130.93,95.71601
2015-04-15,130.93,95.58526
2015-04-16,130.93,113.25173
2015-04-17,130.93,115.037346
2015-04-20,130.93,112.28866
2015-04-21,130.93,110.314316
2015-04-22,130.93,109.80717
2015-04-23,130.93,110.077286
2015-04-24,130.93,109.93204
2015-04-27,130.93,111.41503
2015-04-28,130.93,110.78541
2015-04-29,130.93,110.75636
2015-04-30,130.93,109.56982
2015-05-01,130.93,109.654655
2015-05-04,130.93,109.255356
2015-05-05,130.93,111.671364
2015-05-06,130.93,110.34671
2015-05-07,130.93,111.21055
2015-05-08,130.93,113.01078
2015-05-11,130.93,115.96119
2015-05-12,130.93,114.61863
2015-05-13,130.93,113.96142
2015-05-14,130.93,115.124214
2015-05-15,130.93,120.89759
2015-05-18,130.93,120.907936
2015-05-19,130.93,120.668594
2015-05-20,130.93,121.4934
2015-05-21,130.93,121.76125
2015-05-22,130.93,121.38421
2015-05-26,130.93,120.370056
2015-05-27,130.93,122.78475
2015-05-28,130.93,122.24706
2015-05-29,130.93,121.95062
2015-06-01,130.93,122.728386
2015-06-02,130.93,122.78436
2015-06-03,130.93,122.29424
2015-06-04,130.93,123.19671
2015-06-05,130.93,124.80603
2015-06-08,130.93,123.60007
2015-06-09,130.93,128.23276
2015-06-10,130.93,136.0004
2015-06-11,130.93,132.01657
2015-06-12,130.93,130.1539
2015-06-15,130.93,129.37434
2015-06-16,130.93,131.7504
2015-06-17,130.93,129.92209
2015-06-18,130.93,130.50284
2015-06-19,130.93,130.02893
2015-06-22,130.93,133.37704
2015-06-23,130.93,134.53435
2015-06-24,130.93,137.42589
2015-06-25,130.93,133.08862
2015-06-26,130.93,129.56795
2015-06-29,130.93,128.08754
2015-06-30,130.93,129.77985
2015-07-01,130.93,129.3516
2015-07-02,130.93,129.64987
2015-07-06,130.93,130.43001
2015-07-07,130.93,130.37146
2015-07-08,130.93,129.05524
2015-07-09,130.93,132.3891
2015-07-10,130.93,134.6848
2015-07-13,130.93,140.79375
2015-07-14,130.93,139.00821
2015-07-15,130.93,138.97705
2015-07-16,130.93,162.71695
2015-07-17,130.93,161.35023
2015-07-20,130.93,155.59947
2015-07-21,130.93,158.3279
2015-07-22,130.93,156.9117
2015-07-23,130.93,154.982
2015-07-24,130.93,153.95877
2015-07-27,131.81,150.0274
2015-07-28,131.81,150.6626
2015-07-29,131.81,150.13551
2015-07-30,131.81,156.99458
2015-07-31,131.81,160.7457
2015-08-03,131.81,158.39806
2015-08-04,133.7,169.71188
2015-08-05,133.7,173.12903
2015-08-06,133.7,176.68924
2015-08-07,138.41,172.87543
2015-08-10,138.6,172.22136
2015-08-11,138.6,171.83427
2015-08-12,140.11,168.85757
2015-08-13,140.11,173.15572
2015-08-14,140.11,172.7019
2015-08-17,142.45,175.27327
2015-08-18,142.45,173.57143
2015-08-19,142.45,170.9266
2015-08-20,142.45,158.29987
2015-08-21,142.45,146.72545
2015-08-24,142.45,137.3131
2015-08-25,142.45,143.48271
2015-08-26,144.0,155.02238
2015-08-27,144.74,165.13794
2015-08-28,144.74,165.09924
2015-08-31,144.82,158.95277
2015-09-01,144.82,146.68051
2015-09-02,144.82,146.2153
2015-09-03,144.82,140.41132
2015-09-04,144.82,137.44043
2015-09-08,144.82,132.45706
2015-09-09,144.82,137.94955
2015-09-10,144.82,138.34119
2015-09-11,144.82,135.7693
2015-09-14,144.82,133.39722
2015-09-15,144.82,137.92343
2015-09-16,144.82,144.40742
2015-09-17,144.82,144.58025
2015-09-18,144.82,142.4712
2015-09-21,144.82,139.41154
2015-09-22,144.82,137.02266
2015-09-23,144.82,136.50046
2015-09-24,144.82,143.98203
2015-09-25,144.82,141.96947
2015-09-28,144.82,138.32814
2015-09-29,144.82,136.86601
2015-09-30,144.82,143.30042
2015-10-01,145.25,146.91522
2015-10-02,145.25,147.08803
2015-10-05,145.25,153.95993
2015-10-06,145.83,150.03862
2015-10-07,145.83,149.73294
2015-10-08,145.83,158.80127
2015-10-09,145.83,156.72043
2015-10-12,145.83,156.8765
2015-10-13,145.83,151.91565
2015-10-14,145.83,152.5902
2015-10-15,146.47,140.43517
2015-10-16,148.06,137.68512
2015-10-19,148.06,141.22743
2015-10-20,148.06,137.68512
2015-10-21,148.06,136.34042
2015-10-22,148.06,135.50484
2015-10-23,148.06,139.05579
2015-10-26,148.06,143.00995
2015-10-27,148.06,143.04956
2015-10-28,148.06,146.676
2015-10-29,148.06,145.77213
2015-10-30,148.06,150.10507
2015-11-02,148.06,149.12158
2015-11-03,148.06,151.92914
2015-11-04,148.06,157.65683
2015-11-05,148.06,156.94153
2015-11-06,148.06,157.66983
2015-11-09,148.06,152.09102
2015-11-10,152.16,155.9004
2015-11-11,152.16,156.10913
2015-11-12,153.08,150.82278
2015-11-13,153.08,143.81795
2015-11-16,155.35,154.09377
2015-11-17,156.45,161.6216
2015-11-18,156.45,166.17998
2015-11-19,157.25,165.65059
2015-11-20,157.25,170.35474
2015-11-23,157.25,171.90526
2015-11-24,157.46,169.66417
2015-11-25,160.28,170.7717
2015-11-27,160.28,171.73354
2015-11-30,160.81,166.72751
2015-12-01,160.81,169.3665
2015-12-02,160.81,173.99518
2015-12-03,160.81,171.23195
2015-12-04,160.81,176.62491
2015-12-07,160.81,169.35358
2015-12-08,160.81,171.454
2015-12-09,160.81,167.85297
2015-12-10,160.81,166.18417
2015-12-11,163.05,161.00012
2015-12-14,163.05,163.28627
2015-12-15,163.22,160.59515
2015-12-16,163.22,165.8349
2015-12-17,163.22,165.6667
2015-12-18,165.18,159.83745
2015-12-21,165.18,158.02155
2015-12-22,165.18,157.51205
2015-12-23,165.61,160.02036
2015-12-24,165.88,156.35172
2015-12-28,165.88,158.64864
2015-12-29,165.88,161.27448
2015-12-30,165.88,158.12607
2015-12-31,165.88,155.07072
2016-01-04,165.88,149.00809
2016-01-05,165.88,145.7692
2016-01-06,165.88,159.38203
2016-01-07,165.88,155.3059
2016-01-08,165.88,151.02515
2016-01-11,165.88,155.84158
2016-01-12,165.88,157.94498
2016-01-13,165.88,144.24025
2016-01-14,165.88,144.93523
2016-01-15,165.88,140.7119
2016-01-19,165.88,146.08887
2016-01-20,165.88,145.88037
2016-01-21,165.88,138.33374
2016-01-22,165.88,136.03993
2016-01-25,165.88,133.80286
2016-01-26,165.88,131.99551
2016-01-27,165.88,122.928604
2016-01-28,165.88,127.32081
2016-01-29,165.88,123.85833
2016-02-01,165.88,126.88975
2016-02-02,165.88,123.38673
2016-02-03,165.88,122.376175
2016-02-04,183.6,120.98284
2016-02-05,183.86,111.397736
2016-02-08,183.86,112.13096
2016-02-09,188.54,116.01831
2016-02-10,188.54,119.25531
2016-02-11,188.54,116.32264
2016-02-12,189.08,117.78836
2016-02-16,189.08,120.082664
2016-02-17,189.08,127.79228
2016-02-18,189.08,122.039314
2016-02-19,189.08,120.32816
2016-02-22,189.08,123.979576
2016-02-23,189.08,120.17813
2016-02-24,189.08,123.54842
2016-02-25,189.08,127.482445
2016-02-26,189.08,127.8327
2016-02-29,189.08,125.21571
2016-03-01,189.08,131.963
2016-03-02,189.08,131.01987
2016-03-03,189.08,131.45726
2016-03-04,189.08,136.49751
2016-03-07,189.08,128.09491
2016-03-08,189.08,129.11917
2016-03-09,189.08,131.55295
2016-03-10,189.08,130.67816
2016-03-11,189.08,131.08821
2016-03-14,189.08,131.73064
2016-03-15,189.08,131.36157
2016-03-16,189.08,133.39865
2016-03-17,189.08,133.91113
2016-03-18,189.08,135.85411
2016-03-21,189.08,135.77005
2016-03-22,189.08,134.07735
2016-03-23,189.08,133.73106
2016-03-24,189.08,132.045
2016-03-28,189.08,135.97998
2016-03-29,189.08,140.05246
2016-03-30,189.08,137.35014
2016-03-31,189.08,137.40077
2016-04-01,189.08,142.25668
2016-04-04,189.08,140.35703
2016-04-05,189.08,141.18729
2016-04-06,189.08,141.03249
2016-04-07,189.08,140.49777
2016-04-08,189.08,139.59717
2016-04-11,189.08,138.02187
2016-04-12,189.08,144.0615
2016-04-13,189.08,147.86325
2016-04-14,189.08,148.95958
2016-04-15,189.08,150.51149
2016-04-18,189.08,146.08344
2016-04-19,189.08,126.498726
2016-04-20,189.08,129.8622
2016-04-21,189.08,127.38463
2016-04-22,189.08,128.65804
2016-04-25,189.08,125.41901
2016-04-26,194.39,123.85471
2016-04-27,198.02,121.94321
2016-04-28,198.02,120.92388
2016-04-29,198.02,120.586
2016-05-02,198.02,124.79606
2016-05-03,198.02,122.62813
2016-05-04,198.34,121.54172
2016-05-05,198.34,119.694
2016-05-06,198.34,121.67201
2016-05-09,198.34,121.27183
2016-05-10,198.34,124.4915
2016-05-11,198.34,120.57248
2016-05-12,198.34,117.46871
2016-05-13,198.34,117.65705
2016-05-16,198.34,119.3561
2016-05-17,198.34,118.68174
2016-05-18,198.34,121.21849
2016-05-19,198.34,119.93728
2016-05-20,198.34,123.93777
2016-05-23,198.34,127.26004
2016-05-24,198.34,131.39844
2016-05-25,198.34,134.57188
2016-05-26,198.34,138.20369
2016-05-27,198.34,138.88199
2016-05-31,198.34,136.37631
2016-06-01,198.34,134.95975
2016-06-02,198.34,134.61224
2016-06-03,198.34,132.39803
2016-06-06,198.34,133.32288
2016-06-07,198.34,131.84311
2016-06-08,198.34,130.09482
2016-06-09,198.34,129.0442
2016-06-10,198.34,124.4446
2016-06-13,198.34,124.58415
2016-06-14,198.34,124.96087
2016-06-15,198.34,125.19809
2016-06-16,198.34,126.791725
2016-06-17,198.34,125.421326
2016-06-20,198.34,124.51438
2016-06-21,198.34,120.5628
2016-06-22,198.34,119.17619
2016-06-23,198.34,121.510735
2016-06-24,198.34,116.945724
2016-06-27,198.34,112.47953
2016-06-28,198.34,116.277565
2016-06-29,198.34,120.66184
2016-06-30,198.34,121.24673
2016-07-01,198.34,128.46419
2016-07-05,198.34,130.15608
2016-07-06,198.34,125.6222
2016-07-07,198.34,126.31484
2016-07-08,198.34,128.99632
2016-07-11,198.34,125.71988
2016-07-12,198.34,127.50908
2016-07-13,198.34,128.13673
2016-07-14,198.34,130.30617
2016-07-15,198.34,130.79924
2016-07-18,198.34,131.35678
2016-07-19,198.34,113.20517
2016-07-20,198.34,116.183
2016-07-21,198.34,113.42154
2016-07-22,198.34,113.27729
2016-07-25,198.34,115.8276
2016-07-26,198.34,121.14771
2016-07-27,198.34,122.039024
2016-07-28,198.34,120.33844
2016-07-29,198.34,120.445335
2016-08-01,198.34,125.301285
2016-08-02,198.34,124.171074
2016-08-03,198.34,123.11876
2016-08-04,198.34,122.71462
2016-08-05,198.34,128.9554
2016-08-08,198.34,126.328636
2016-08-09,198.34,124.771065
2016-08-10,198.34,123.79264
2016-08-11,198.34,127.39991
2016-08-12,198.34,127.53055
2016-08-15,198.34,126.45684
2016-08-16,198.34,125.25751
2016-08-17,198.34,128.05487
2016-08-18,198.34,127.57427
2016-08-19,198.34,126.877754
2016-08-22,198.34,125.00864
2016-08-23,198.34,125.51402
2016-08-24,198.34,125.306274
2016-08-25,198.34,129.35109
2016-08-26,198.34,128.88771
2016-08-29,198.34,129.08139
2016-08-30,198.34,128.07549
2016-08-31,198.34,127.017685
2016-09-01,198.34,126.5945
2016-09-02,198.34,126.640915
2016-09-06,198.34,132.81221
2016-09-07,198.34,130.61353
2016-09-08,198.34,130.33888
2016-09-09,198.34,127.93614
2016-09-12,198.34,131.41582
2016-09-13,198.34,127.48582
2016-09-14,198.34,128.699
2016-09-15,198.34,127.350204
2016-09-16,198.34,131.99316
2016-09-19,198.34,130.08829
2016-09-20,198.34,128.11119
2016-09-21,198.34,125.89009
2016-09-22,198.34,127.14295
2016-09-23,198.34,126.13972
2016-09-26,198.34,124.76261
2016-09-27,198.34,128.77812
2016-09-28,198.34,129.08658
2016-09-29,198.34,127.12603
2016-09-30,198.34,130.73755
2016-10-03,198.34,136.21788
2016-10-04,198.34,135.82733
2016-10-05,198.34,141.13228
2016-10-06,198.34,138.64333
2016-10-07,198.34,139.16684
2016-10-10,198.34,136.41353
2016-10-11,198.34,133.47661
2016-10-12,198.34,131.98492
2016-10-13,198.34,132.99326
2016-10-14,198.34,134.65805
2016-10-17,198.34,132.41592
2016-10-18,198.34,157.33025
2016-10-19,198.34,161.19626
2016-10-20,198.34,163.07626
2016-10-21,198.34,168.38445
2016-10-24,198.34,168.16711
2016-10-25,198.34,167.1187
2016-10-26,198.34,167.70686
2016-10-27,198.34,166.6138
2016-10-28,198.34,166.88434
2016-10-31,198.34,164.23302
2016-11-01,198.34,162.56892
2016-11-02,198.34,160.09534
2016-11-03,198.34,159.88379
2016-11-04,198.34,159.74542
2016-11-07,198.34,163.4036
2016-11-08,198.34,162.74564
2016-11-09,198.34,161.60274
2016-11-10,198.34,153.13084
2016-11-11,198.34,152.33316
2016-11-14,198.34,150.58823
2016-11-15,198.34,150.84215
2016-11-16,198.34,151.37915
2016-11-17,198.34,151.46803
2016-11-18,198.34,152.18797
2016-11-21,198.34,155.92154
2016-11-22,198.34,155.96597
2016-11-23,198.34,153.83102
2016-11-25,198.34,153.60182
2016-11-28,198.34,153.21278
2016-11-29,198.34,156.53738
2016-11-30,198.34,156.25505
2016-12-01,198.34,156.52223
2016-12-02,198.34,160.87921
2016-12-05,198.34,158.877
2016-12-06,198.34,165.44133
2016-12-07,198.34,166.43616
2016-12-08,198.34,163.82768
2016-12-09,198.34,161.78833
2016-12-12,198.34,161.49734
2016-12-13,198.34,163.15872
2016-12-14,198.34,162.93878
2016-12-15,198.34,165.89339
2016-12-16,198.34,165.0167
2016-12-19,198.34,165.13728
2016-12-20,198.34,164.49248
2016-12-21,198.34,167.02379
2016-12-22,198.34,165.12119
2016-12-23,198.34,164.67519
2016-12-27,198.34,168.95325
2016-12-28,198.34,165.58829
2016-12-29,198.34,164.64047
2016-12-30,198.34,162.88586
2017-01-03,198.34,168.96745
2017-01-04,198.34,171.34929
2017-01-05,198.34,174.39606
2017-01-06,198.34,173.45193
2017-01-09,198.34,172.42484
2017-01-10,198.34,171.12428
2017-01-11,198.34,171.80406
2017-01-12,198.34,170.03522
2017-01-13,198.34,176.8073
2017-01-17,198.34,175.77393
2017-01-18,198.34,176.24596
2017-01-19,198.34,182.81529
2017-01-20,198.34,183.05763
2017-01-23,198.34,181.50256
2017-01-24,198.34,185.00296
2017-01-25,198.34,184.24023
2017-01-26,198.34,183.0134
2017-01-27,198.34,188.01907
2017-01-30,198.34,186.42905
2017-01-31,198.34,184.79575
2017-02-01,198.34,185.3939
2017-02-02,198.34,182.67955
2017-02-03,198.34,184.05116
2017-02-06,198.34,184.99178
2017-02-07,198.34,190.02255
2017-02-08,198.34,190.78882
2017-02-09,198.34,189.28421
2017-02-10,198.34,190.671
2017-02-13,198.34,188.15495
2017-02-14,198.34,185.91197
2017-02-15,198.34,187.1174
2017-02-16,198.34,186.32683
2017-02-17,198.34,186.81522
2017-02-21,198.34,187.11897
2017-02-22,198.34,188.76001
2017-02-23,198.34,187.57077
2017-02-24,198.34,187.95866
2017-02-27,198.34,188.18616
2017-02-28,198.34,187.23257
2017-03-01,198.34,188.44412
2017-03-02,198.34,184.80519
2017-03-03,198.34,183.85547
2017-03-06,198.34,188.389
2017-03-07,198.34,186.55634
2017-03-08,198.34,185.10709
2017-03-09,198.34,185.23708
2017-03-10,198.34,185.76701
2017-03-13,198.34,189.38643
2017-03-14,198.34,188.89162
2017-03-15,198.34,191.48297
2017-03-16,198.34,190.60191
2017-03-17,198.34,191.6373
2017-03-20,198.34,190.92969
2017-03-21,198.34,189.20303
2017-03-22,198.34,189.00539
2017-03-23,198.34,187.02074
2017-03-24,198.34,187.25084
2017-03-27,198.34,190.03833
2017-03-28,198.34,190.97676
2017-03-29,198.34,190.96631
2017-03-30,198.34,191.04257
2017-03-31,198.34,191.0026
2017-04-03,198.34,191.01807
2017-04-04,198.34,190.93391
2017-04-05,198.34,189.41832
2017-04-06,198.34,189.478
2017-04-07,198.34,188.64613
2017-04-10,198.34,190.11191
2017-04-11,198.34,190.35889
2017-04-12,198.34,189.64667
2017-04-13,198.34,188.41808
2017-04-17,198.34,192.35995
2017-04-18,198.34,190.39139
2017-04-19,198.34,185.78879
2017-04-20,198.34,187.48251
2017-04-21,198.34,189.40103
2017-04-24,198.34,189.73824
2017-04-25,198.34,192.59023
2017-04-26,198.34,192.49709
2017-04-27,198.34,192.63318
2017-04-28,198.34,191.92648
2017-05-01,198.34,192.73898
2017-05-02,198.34,191.44305
2017-05-03,198.34,191.28094
2017-05-04,198.34,191.65965
2017-05-05,198.34,191.6188
2017-05-08,198.34,191.38557
2017-05-09,198.34,191.34819
2017-05-10,198.34,192.59966
2017-05-11,198.34,191.7974
2017-05-12,198.34,191.67416
2017-05-15,198.34,191.56041
2017-05-16,198.34,191.40132
2017-05-17,198.34,192.63876
2017-05-18,198.34,192.0329
2017-05-19,198.34,191.33765
2017-05-22,198.34,191.33241
2017-05-23,198.34,191.3485
2017-05-24,198.34,191.32991
2017-05-25,198.34,193.09561
2017-05-26,198.34,191.59477
2017-05-30,198.34,191.78165
2017-05-31,198.34,191.83388
2017-06-01,198.34,191.73807
2017-06-02,198.34,191.82802
2017-06-05,198.34,191.80891
2017-06-06,198.34,191.83182
2017-06-07,198.34,191.80711
2017-06-08,198.34,191.8312
2017-06-09,198.34,192.01883
2017-06-12,198.34,191.71838
2017-06-13,198.34,191.7769
2017-06-14,198.34,191.72255
2017-06-15,198.34,191.68674
2017-06-16,198.34,191.74228
2017-06-19,198.34,191.75822
2017-06-20,198.34,191.43552
2017-06-21,198.34,191.70866
2017-06-22,198.34,191.4479
2017-06-23,198.34,191.84718
2017-06-26,198.34,191.80911
2017-06-27,198.34,191.67793
2017-06-28,198.34,191.61134
2017-06-29,198.34,191.61966
2017-06-30,198.34,191.41418
2017-07-03,198.34,191.19144
2017-07-05,198.34,191.26767
2017-07-06,198.34,191.34781
2017-07-07,198.34,191.50256
2017-07-10,198.34,191.49065
2017-07-11,198.34,191.48111
2017-07-12,198.34,192.03276
2017-07-13,198.34,191.87242
2017-07-14,198.34,191.7836
2017-07-17,198.34,192.16641
2017-07-18,198.34,193.26564
2017-07-19,198.34,193.27905
2017-07-20,198.34,193.26564
2017-07-21,198.34,193.51965
2017-07-24,198.34,193.4873
2017-07-25,198.34,192.6274
2017-07-26,198.34,192.64095
2017-07-27,198.34,193.21825
2017-07-28,198.34,192.76712
2017-07-31,198.34,192.40338
2017-08-01,198.34,192.4248
2017-08-02,198.34,192.48892
2017-08-03,198.34,192.31294
2017-08-04,198.34,192.3429
2017-08-07,198.34,192.3803
2017-08-08,198.34,192.2911
2017-08-09,198.34,192.86176
2017-08-10,198.34,192.51686
2017-08-11,198.34,192.05707
2017-08-14,198.34,192.59091
2017-08-15,198.34,192.04016
2017-08-16,198.34,192.39629
2017-08-17,198.34,191.90326
2017-08-18,198.34,192.35565
2017-08-21,198.34,192.08208
2017-08-22,198.34,191.98119
2017-08-23,198.34,191.96216
2017-08-24,198.34,191.99113
2017-08-25,198.34,191.83188
2017-08-28,198.34,191.85625
2017-08-29,198.34,192.7473
2017-08-30,198.34,195.03482
2017-08-31,198.34,194.57245
2017-09-01,198.34,192.59843
2017-09-05,198.34,192.90384
2017-09-06,198.34,195.2372
2017-09-07,198.34,193.94595
2017-09-08,198.34,192.95297
2017-09-11,198.34,194.05928
2017-09-12,198.34,194.78635
2017-09-13,198.34,193.01505
2017-09-14,198.34,193.07079
2017-09-15,198.34,193.72188
2017-09-18,198.34,193.71855
2017-09-19,198.34,193.5178
2017-09-20,198.34,193.17424
2017-09-21,198.34,195.37953
2017-09-22,198.34,193.87636
2017-09-25,198.34,195.20622
2017-09-26,198.34,193.70547
2017-09-27,198.34,193.40018
2017-09-28,198.34,192.8562
2017-09-29,198.34,192.91632
2017-10-02,198.34,195.00595
2017-10-03,198.34,192.7411
2017-10-04,198.34,195.44691
2017-10-05,198.34,195.88385
2017-10-06,198.34,196.03879
2017-10-09,198.34,195.51935
2017-10-10,198.34,194.80585
2017-10-11,198.34,194.2472
2017-10-12,198.34,195.94821
2017-10-13,198.34,196.09938
2017-10-16,198.34,196.23067
2017-10-17,198.34,196.09895
2017-10-18,198.34,195.93423
2017-10-19,198.34,195.53058
2017-10-20,198.34,194.53061
2017-10-23,198.34,195.37299
2017-10-24,198.34,195.54817
2017-10-25,198.34,193.95093
2017-10-26,198.34,193.91411
2017-10-27,198.34,196.10143
2017-10-30,198.34,194.27287
2017-10-31,198.34,194.21521
2017-11-01,198.34,193.9307
2017-11-02,198.34,193.27411
2017-11-03,198.34,193.29205
2017-11-06,198.34,194.71402
2017-11-07,198.34,195.04373
2017-11-08,198.34,193.3733
2017-11-09,198.34,194.46094
2017-11-10,198.34,195.05492
2017-11-13,198.34,193.58426
2017-11-14,198.34,193.16599
2017-11-15,198.34,193.17845
2017-11-16,198.34,194.36655
2017-11-17,198.34,193.07088
2017-11-20,198.34,193.08588
2017-11-21,198.34,193.62228
2017-11-22,198.34,194.59607
2017-11-24,198.34,193.28062
2017-11-27,198.34,193.16183
2017-11-28,198.34,195.64099
2017-11-29,198.34,193.41467
2017-11-30,198.34,192.92194
2017-12-01,198.34,192.71075
2017-12-04,198.34,193.26245
2017-12-05,198.34,192.27043
2017-12-06,198.34,192.25032
2017-12-07,198.34,192.21443
2017-12-08,198.34,192.33386
2017-12-11,198.34,192.28499
2017-12-12,198.34,192.18478
2017-12-13,198.34,192.29663
2017-12-14,198.34,193.46675
2017-12-15,198.34,193.22188
2017-12-18,198.34,192.3887
2017-12-19,198.34,192.85887
2017-12-20,198.34,192.59206
2017-12-21,198.34,192.1815
2017-12-22,198.34,192.24544
2017-12-26,198.34,192.09753
2017-12-27,198.34,192.17215
2017-12-28,198.34,193.58292
2017-12-29,198.34,192.44681
2018-01-02,198.34,193.87453
2018-01-03,198.34,194.01999
2018-01-04,198.34,193.36758
2018-01-05,198.34,193.97136
2018-01-08,198.34,193.45569
2018-01-09,198.34,193.44772
2018-01-10,198.34,193.58475
2018-01-11,198.34,194.25954
2018-01-12,198.34,194.65259
2018-01-16,198.34,194.6647
2018-01-17,198.34,194.50232
2018-01-18,198.34,194.61635
2018-01-19,198.34,194.62161
2018-01-22,198.34,194.90776
2018-01-23,198.34,195.81447
2018-01-24,198.34,196.27463
2018-01-25,198.34,196.64761
2018-01-26,198.34,196.8556
2018-01-29,198.34,197.33916
2018-01-30,198.34,197.0547
2018-01-31,198.34,196.67455
2018-02-01,198.34,196.43594
2018-02-02,198.34,196.54387
2018-02-05,198.34,195.95956
2018-02-06,198.34,196.46567
2018-02-07,198.34,196.41261
2018-02-08,198.34,195.79436
2018-02-09,198.34,195.76929
2018-02-12,198.34,196.10971
2018-02-13,198.34,195.76068
2018-02-14,198.34,196.47849
2018-02-15,198.34,197.12695
2018-02-16,198.34,197.04092
2018-02-20,198.34,197.04242
2018-02-21,198.34,197.1648
2018-02-22,198.34,197.02228
2018-02-23,198.34,197.2483
2018-02-26,198.34,197.80605
2018-02-27,198.34,197.63348
2018-02-28,198.34,197.64984
2018-03-01,198.34,198.9123
2018-03-02,198.34,199.34444
2018-03-05,198.34,199.9318
2018-03-06,198.34,200.36134
2018-03-07,198.34,200.19292
2018-03-08,198.34,200.01584
2018-03-09,198.34,200.39027
2018-03-12,198.34,200.19969
2018-03-13,198.34,199.96877
2018-03-14,198.34,200.21176
2018-03-15,198.34,198.18585
2018-03-16,198.34,199.72484
2018-03-19,198.34,199.86783
2018-03-20,198.34,198.46574
2018-03-21,198.34,197.88869
2018-03-22,198.34,199.58249
2018-03-23,198.34,199.3398
2018-03-26,198.34,200.15662
2018-03-27,198.34,199.32924
2018-03-28,198.34,198.74913
2018-03-29,198.34,199.10399
2018-04-02,198.34,198.54065
2018-04-03,198.34,198.66022
2018-04-04,198.34,198.84644
2018-04-05,198.34,199.03235
2018-04-06,198.34,198.84326
2018-04-09,198.34,198.8814
2018-04-10,198.34,199.20535
2018-04-11,198.34,199.44145
2018-04-12,198.34,199.67645
2018-04-13,198.34,199.77745
2018-04-16,198.34,199.6146
2018-04-17,198.34,200.3919
2018-04-18,198.34,200.38678
2018-04-19,198.34,200.38074
2018-04-20,198.34,200.3642
2018-04-23,198.34,200.07349
2018-04-24,198.34,199.58258
2018-04-25,198.34,199.5295
2018-04-26,198.34,199.87549
2018-04-27,198.34,199.38107
2018-04-30,198.34,198.37363
2018-05-01,198.34,198.3635
2018-05-02,198.34,198.13258
2018-05-03,198.34,198.39163
2018-05-04,198.34,200.13232
2018-05-07,198.34,199.95801
2018-05-08,198.34,198.13159
2018-05-09,198.34,198.58066
2018-05-10,198.34,198.40271
2018-05-11,198.34,198.09436
2018-05-14,198.34,197.99384
2018-05-15,198.34,198.12819
2018-05-16,198.34,197.8902
2018-05-17,198.34,198.18542
2018-05-18,198.34,197.84135
2018-05-21,198.34,199.45139
2018-05-22,198.34,198.80551
2018-05-23,198.34,200.42043
2018-05-24,198.34,200.43533
2018-05-25,198.34,200.4418
2018-05-29,198.34,200.43672
2018-05-30,198.34,198.49254
2018-05-31,198.34,198.9532
2018-06-01,198.34,199.12738
2018-06-04,198.34,199.3897
2018-06-05,198.34,199.37094
2018-06-06,198.34,199.3631
2018-06-07,198.34,199.3916
2018-06-08,198.34,198.3245
2018-06-11,198.34,198.00275
2018-06-12,198.34,197.96407
2018-06-13,198.34,199.31721
2018-06-14,198.34,199.2738
2018-06-15,198.34,199.2768
2018-06-18,198.34,198.89902
2018-06-19,198.34,199.23248
2018-06-20,198.34,199.19179
2018-06-21,198.34,199.19635
2018-06-22,198.34,199.21144
2018-06-25,198.34,199.30202
2018-06-26,198.34,199.25162
2018-06-27,198.34,199.28217
2018-06-28,198.34,199.26514
2018-06-29,198.34,199.27867
2018-07-02,198.34,199.23851
2018-07-03,198.34,198.2527
2018-07-05,198.34,199.23782
2018-07-06,198.34,199.204
2018-07-09,198.34,199.16684
2018-07-10,198.34,199.17847
2018-07-11,198.34,199.16795
2018-07-12,198.34,199.18585
2018-07-13,198.34,199.2466
2018-07-16,198.34,199.23065
2018-07-17,198.34,199.30147
2018-07-18,198.34,199.31586
2018-07-19,198.34,199.36073
2018-07-20,198.34,199.37572
2018-07-23,198.34,199.36813
2018-07-24,198.34,199.39319
2018-07-25,198.34,199.36713
2018-07-26,198.34,199.02457
2018-07-27,198.34,199.40302
2018-07-30,198.34,198.73294
2018-07-31,198.34,198.8248
2018-08-01,198.34,198.85912
2018-08-02,198.34,198.8297
2018-08-03,198.34,199.03275
2018-08-06,198.34,199.32112
2018-08-07,198.34,199.35464
2018-08-08,198.34,198.20587
2018-08-09,198.34,197.93924
2018-08-10,198.34,197.64806
2018-08-13,198.34,198.53809
2018-08-14,198.34,197.98187
2018-08-15,198.34,198.4256
2018-08-16,198.34,197.7853
2018-08-17,198.34,198.08167
2018-08-20,198.34,198.47308
2018-08-21,198.34,198.84583
2018-08-22,198.34,199.0825
2018-08-23,198.34,198.88824
2018-08-24,198.34,199.38615
2018-08-27,198.34,199.3591
2018-08-28,198.34,199.34065
2018-08-29,198.34,200.7426
2018-08-30,198.34,200.85483
2018-08-31,198.34,200.72887
2018-09-04,198.34,200.57306
2018-09-05,198.34,199.74358
2018-09-06,198.34,199.93358
2018-09-07,198.34,200.01544
2018-09-10,198.34,199.43994
2018-09-11,198.34,199.78824
2018-09-12,198.34,200.8155
2018-09-13,198.34,200.7468
2018-09-14,198.34,199.65274
2018-09-17,198.34,199.93031
2018-09-18,198.34,200.72772
2018-09-19,198.34,200.70139
2018-09-20,198.34,200.3952
2018-09-21,198.34,200.48102
2018-09-24,198.34,200.80252
2018-09-25,198.34,200.56195
2018-09-26,198.34,201.11807
2018-09-27,198.34,201.1806
2018-09-28,198.34,200.854
2018-10-01,198.34,201.23901
2018-10-02,198.34,201.07542
2018-10-03,198.34,200.25967
2018-10-04,198.34,200.56055
2018-10-05,198.34,200.09918
2018-10-08,198.34,200.01619
2018-10-09,198.34,200.2599
2018-10-10,198.34,199.24576
2018-10-11,198.34,199.09412
2018-10-12,198.34,199.678
2018-10-15,198.34,199.47476
2018-10-16,198.34,199.9166
2018-10-17,198.34,200.60066
2018-10-18,198.34,199.92802
2018-10-19,198.34,199.46025
2018-10-22,198.34,199.36124
2018-10-23,198.34,199.47574
2018-10-24,198.34,198.49268
2018-10-25,198.34,198.83327
2018-10-26,198.34,198.43196
2018-10-29,198.34,197.97601
2018-10-30,198.34,198.00557
2018-10-31,198.34,198.49115
2018-11-01,198.34,198.97626
2018-11-02,198.34,198.71368
2018-11-05,198.34,198.91476
2018-11-06,198.34,198.7689
2018-11-07,198.34,199.29672
2018-11-08,198.34,198.99338
2018-11-09,198.34,198.54247
2018-11-12,198.34,198.25688
2018-11-13,198.34,198.26692
2018-11-14,198.34,198.0336
2018-11-15,198.34,198.13493
2018-11-16,198.34,198.01775
2018-11-19,198.34,197.61598
2018-11-20,198.34,197.54124
2018-11-21,198.34,197.44104
2018-11-23,198.34,196.95364
2018-11-26,198.34,197.42654
2018-11-27,198.34,197.53403
2018-11-28,198.34,197.90932
2018-11-29,198.34,197.36226
2018-11-30,198.34,197.2884
2018-12-03,198.34,197.4059
2018-12-04,198.34,196.97331
2018-12-06,198.34,197.19669
2018-12-07,198.34,196.64355
2018-12-10,198.34,196.79126
2018-12-11,198.34,196.64937
2018-12-12,198.34,196.95876
2018-12-13,198.34,196.99557
2018-12-14,198.34,196.69864
2018-12-17,198.34,196.56766
2018-12-18,198.34,196.83138
2018-12-19,198.34,196.69637
2018-12-20,198.34,196.49557
2018-12-21,198.34,196.03317
2018-12-24,198.34,195.65923
2018-12-26,198.34,196.27077
2018-12-27,198.34,196.33232
2018-12-28,198.34,196.34926
2018-12-31,198.34,196.71555
2019-01-02,198.34,196.71555
2019-01-03,198.34,196.83014
2019-01-04,198.34,197.59987
2019-01-07,198.34,198.0976
2019-01-08,198.34,198.2352
2019-01-09,198.34,198.22656
2019-01-10,198.34,198.3576
2019-01-11,198.34,198.71732
2019-01-14,198.34,198.58807
2019-01-15,198.34,199.22934
2019-01-16,198.34,199.11774
2019-01-17,198.34,199.17953
2019-01-18,198.34,198.75923
2019-01-22,198.34,198.37154
2019-01-23,198.34,198.2832
2019-01-24,198.34,198.41359
2019-01-25,198.34,198.73007
2019-01-28,198.34,198.66368
2019-01-29,198.34,198.4757
2019-01-30,198.34,198.80252
2019-01-31,198.34,198.77034
2019-02-01,198.34,198.78006
2019-02-04,198.34,199.11603
2019-02-05,198.34,199.26947
2019-02-06,198.34,198.76674
2019-02-07,198.34,198.91708
2019-02-08,198.34,198.99951
2019-02-11,198.34,197.90121
2019-02-12,198.34,199.41222
2019-02-13,198.34,199.13078
2019-02-14,198.34,199.38132
2019-02-15,198.34,199.30588
2019-02-19,198.34,199.43362
2019-02-20,198.34,199.41016
2019-02-21,198.34,198.63531
2019-02-22,198.34,199.2453
2019-02-25,198.34,199.54727
2019-02-26,198.34,198.22581
2019-02-27,198.34,198.48146
2019-02-28,198.34,198.64284
2019-03-01,198.34,197.36626
2019-03-04,198.34,198.83069
2019-03-05,198.34,197.5806
2019-03-06,198.34,197.94783
2019-03-07,198.34,197.70811
2019-03-08,198.34,198.27353
2019-03-11,198.34,197.3129
2019-03-12,198.34,197.09282
2019-03-13,198.34,198.18808
2019-03-14,198.34,197.23328
2019-03-15,198.34,199.13089
2019-03-18,198.34,198.94565
2019-03-19,198.34,199.05753
2019-03-20,198.34,199.50699
2019-03-21,198.34,199.57867
2019-03-22,198.34,199.11856
2019-03-25,198.34,199.26141
2019-03-26,198.34,199.09009
2019-03-27,198.34,198.90134
2019-03-28,198.34,196.61992
2019-03-29,198.34,196.86491
2019-04-01,198.34,198.88261
2019-04-02,198.34,197.38045
2019-04-03,198.34,197.58218
2019-04-04,198.34,197.13147
2019-04-05,198.34,196.74608
2019-04-08,198.34,196.96312
2019-04-09,198.34,197.49052
2019-04-10,198.34,196.98228
2019-04-11,198.34,198.42728
2019-04-12,198.34,198.8213
2019-04-15,198.34,198.75249
2019-04-16,198.34,199.06375
2019-04-17,198.34,198.93042
2019-04-18,198.34,199.08815
2019-04-22,198.34,199.55193
